,Open,High,Low,Close,Volume
2023-11-22 14:30:00,390.5700073242187,393.0700073242187,389.0400085449219,390.05999755859375,44121000
2023-11-24 14:30:00,389.6499938964844,390.25,388.5,389.510009765625,15718800
2023-11-27 14:30:00,389.010009765625,391.1499938964844,388.2799987792969,389.1700134277344,34139700
2023-11-28 14:30:00,388.4100036621094,390.7799987792969,388.0499877929687,390.19000244140625,35491100
2023-11-29 14:30:00,392.69000244140625,394.1400146484375,389.4599914550781,389.80999755859375,38811700
2023-11-30 14:30:00,390.0799865722656,390.5499877929687,385.8200073242187,388.8299865722656,52834400
2023-12-01 14:30:00,387.75,390.5400085449219,386.0700073242187,389.94000244140625,40490100
2023-12-04 14:30:00,386.0899963378906,386.6000061035156,382.6600036621094,386.3200073242187,51186900
2023-12-05 14:30:00,384.3900146484375,388.5,384.2099914550781,387.2900085449219,42933000
2023-12-06 14:30:00,390.2699890136719,390.3699951171875,384.7000122070313,385.0499877929687,41994100
2023-12-07 14:30:00,388.0700073242187,391.2699890136719,386.9599914550781,390.4299926757813,49593500
2023-12-08 14:30:00,388.6700134277344,392.6199951171875,388.4800109863281,392.1700134277344,46687500
2023-12-11 14:30:00,391.739990234375,395.7900085449219,391.5299987792969,395.5199890136719,41198000
2023-12-12 14:30:00,395.55999755859375,398.7900085449219,394.4100036621094,398.6700134277344,39221200
2023-12-13 14:30:00,399.6199951171875,404.3599853515625,398.8399963378906,403.739990234375,55408100
2023-12-14 14:30:00,404.9800109863281,406.2999877929687,400.3399963378906,403.3900146484375,55447800
2023-12-15 14:30:00,404.1799926757813,406.5400085449219,403.5700073242187,405.3399963378906,62896600
2023-12-18 14:30:00,404.9299926757813,407.989990234375,404.6000061035156,407.0799865722656,46610000
2023-12-19 14:30:00,407.5400085449219,409.2799987792969,407.3500061035156,409.1600036621094,35711900
2023-12-20 14:30:00,408.3500061035156,410.4700012207031,402.8999938964844,403.0799865722656,54042400
2023-12-21 14:30:00,407.05999755859375,408.1400146484375,404.4700012207031,407.7699890136719,45568900
2023-12-22 14:30:00,409.0,409.9700012207031,406.4800109863281,408.3800048828125,34314000
2023-12-26 14:30:00,409.25,411.55999755859375,409.1499938964844,410.8800048828125,22722500
2023-12-27 14:30:00,410.9500122070313,411.7900085449219,410.0799865722656,411.5,31980500
2023-12-28 14:30:00,412.6700134277344,412.9200134277344,410.94000244140625,411.2999877929687,27029200
2023-12-29 14:30:00,411.2799987792969,411.6400146484375,407.5799865722656,409.5199890136719,42662100
2024-01-02 14:30:00,405.8399963378906,406.0899963378906,400.239990234375,402.5899963378906,58026900
2024-01-03 14:30:00,399.9299926757813,401.0,397.8900146484375,398.3299865722656,47002800
2024-01-04 14:30:00,396.44000244140625,399.5899963378906,396.05999755859375,396.2799987792969,39432800
2024-01-05 14:30:00,396.4500122070313,399.55999755859375,395.3399963378906,396.75,44922800
2024-01-08 14:30:00,397.989990234375,405.239990234375,397.8399963378906,404.9500122070313,42473800
2024-01-09 14:30:00,401.9100036621094,406.69000244140625,401.7099914550781,405.75,39132900
2024-01-10 14:30:00,406.0700073242187,409.5199890136719,405.1700134277344,408.5,33962800
2024-01-11 14:30:00,409.7900085449219,411.2000122070313,404.239990234375,409.3500061035156,54536200
2024-01-12 14:30:00,410.3999938964844,411.25,408.1499938964844,409.55999755859375,39595000
2024-01-16 14:30:00,408.30999755859375,411.1199951171875,406.8299865722656,409.5199890136719,43903000
2024-01-17 14:30:00,406.1700134277344,407.5899963378906,402.9200134277344,407.2099914550781,54386000
2024-01-18 14:30:00,410.5199890136719,413.5799865722656,409.1600036621094,412.989990234375,59562500
2024-01-19 14:30:00,415.2200012207031,421.3399963378906,414.6300048828125,421.1799926757813,70325100
2024-01-22 14:30:00,423.4100036621094,424.7300109863281,421.1199951171875,421.7300109863281,44880600
2024-01-23 14:30:00,422.4299926757813,423.7000122070313,420.5700073242187,423.4800109863281,33003800
2024-01-24 14:30:00,427.44000244140625,429.8500061035156,425.3299865722656,425.8299865722656,46948000
2024-01-25 14:30:00,428.3599853515625,429.0400085449219,423.9800109863281,426.3500061035156,44367200
2024-01-26 14:30:00,424.44000244140625,426.2099914550781,423.1499938964844,423.80999755859375,37137000
2024-01-29 14:30:00,424.2699890136719,428.3500061035156,423.6099853515625,428.1499938964844,38694700
2024-01-30 14:30:00,427.1000061035156,427.6799926757813,424.3800048828125,425.2999877929687,36739000
2024-01-31 14:30:00,420.8500061035156,422.8699951171875,416.7900085449219,416.9700012207031,64010600
2024-02-01 14:30:00,418.7900085449219,422.3800048828125,417.80999755859375,421.8800048828125,51008600
2024-02-02 14:30:00,423.7999877929687,430.239990234375,422.7900085449219,429.010009765625,59602400
2024-02-05 14:30:00,429.0700073242187,429.6099853515625,425.0,428.4500122070313,39889200
2024-02-06 14:30:00,429.6099853515625,430.2200012207031,425.2200012207031,427.5899963378906,35846100
2024-02-07 14:30:00,430.4100036621094,432.8299865722656,429.0899963378906,431.989990234375,37712700
2024-02-08 14:30:00,432.1099853515625,433.55999755859375,431.4200134277344,432.7900085449219,29889900
2024-02-09 14:30:00,433.94000244140625,437.8500061035156,433.1400146484375,437.0499877929687,36943900
2024-02-12 14:30:00,436.94000244140625,439.1400146484375,434.6499938964844,435.3399963378906,33203300
2024-02-13 14:30:00,427.2799987792969,431.2699890136719,425.3299865722656,428.5499877929687,64491700
2024-02-14 14:30:00,431.260009765625,433.6499938964844,428.8800048828125,433.2200012207031,45092700
2024-02-15 14:30:00,433.9200134277344,434.9800109863281,431.3299865722656,434.510009765625,38796100
2024-02-16 14:30:00,434.8900146484375,434.989990234375,429.8500061035156,430.5700073242187,53716500
2024-02-20 14:30:00,428.5499877929687,430.0799865722656,423.5,427.3200073242187,53999500
2024-02-21 14:30:00,424.5499877929687,425.7000122070313,421.6300048828125,425.6099853515625,49779000
2024-02-22 14:30:00,434.489990234375,439.1199951171875,433.7099914550781,438.0700073242187,53887800
2024-02-23 14:30:00,439.6499938964844,440.5899963378906,435.7900085449219,436.7799987792969,39853900
2024-02-26 14:30:00,437.6000061035156,438.6000061035156,436.3599853515625,436.5499877929687,33043200
2024-02-27 14:30:00,437.6700134277344,437.989990234375,435.0299987792969,437.6000061035156,33713200
2024-02-28 14:30:00,435.4299926757813,436.6700134277344,434.2999877929687,435.2699890136719,32938800
2024-02-29 14:30:00,438.2300109863281,440.0899963378906,435.0199890136719,439.0,42495200
2024-03-01 14:30:00,439.8999938964844,446.5799865722656,439.8399963378906,445.6099853515625,43853000
2024-03-04 14:30:00,445.6099853515625,446.0400085449219,443.7699890136719,444.0199890136719,34325700
2024-03-05 14:30:00,440.94000244140625,440.9500122070313,433.6499938964844,436.0499877929687,57917100
2024-03-06 14:30:00,440.3200073242187,441.989990234375,436.8900146484375,438.7900085449219,46234500
2024-03-07 14:30:00,442.4200134277344,446.7200012207031,440.8599853515625,445.4500122070313,44526700
2024-03-08 14:30:00,445.80999755859375,448.6400146484375,438.3399963378906,439.0199890136719,72096000
2024-03-11 13:30:00,437.510009765625,438.6600036621094,435.44000244140625,437.3900146484375,45860000
2024-03-12 13:30:00,439.7300109863281,444.0199890136719,436.4599914550781,443.6600036621094,55300900
2024-03-13 13:30:00,442.6499938964844,442.6700134277344,439.1199951171875,440.25,37928700
2024-03-14 13:30:00,441.5,442.0299987792969,436.3900146484375,439.1400146484375,52195200
2024-03-15 13:30:00,436.0700073242187,438.8699951171875,432.739990234375,433.9200134277344,73069800
2024-03-18 13:30:00,438.7300109863281,441.0400085449219,437.239990234375,437.4800109863281,47323800
2024-03-19 13:30:00,435.4500122070313,438.9800109863281,433.3299865722656,438.5700073242187,43004100
2024-03-20 13:30:00,439.7799987792969,444.1099853515625,438.05999755859375,443.7699890136719,43653500
2024-03-21 13:30:00,448.8800048828125,449.3399963378906,445.6700134277344,445.8699951171875,39345700
2024-03-22 13:30:00,445.3500061035156,447.489990234375,444.489990234375,446.3800048828125,28253900
2024-03-25 13:30:00,443.5499877929687,446.260009765625,442.5400085449219,444.760009765625,27789200
2024-03-26 13:30:00,446.2999877929687,447.2300109863281,443.0899963378906,443.3200073242187,34142000
2024-03-27 13:30:00,446.44000244140625,446.5400085449219,441.9299926757813,444.8299865722656,41359200
2024-03-28 13:30:00,444.7799987792969,445.6400146484375,443.6499938964844,444.010009765625,36839600
2024-04-01 13:30:00,444.9700012207031,447.5299987792969,443.0199890136719,444.9500122070313,38729000
2024-04-02 13:30:00,440.0799865722656,441.4299926757813,438.0299987792969,441.1099853515625,44259700
2024-04-03 13:30:00,438.9599914550781,444.0,438.9500122070313,442.1000061035156,39949800
2024-04-04 13:30:00,446.3299865722656,446.9500122070313,435.1099853515625,435.3399963378906,57267700
2024-04-05 13:30:00,436.7799987792969,443.1700134277344,435.9599914550781,440.4700012207031,54744600
2024-04-08 13:30:00,441.4100036621094,442.5,439.2000122070313,440.6000061035156,28144900
2024-04-09 13:30:00,442.9599914550781,443.239990234375,437.44000244140625,442.2300109863281,39443600
2024-04-10 13:30:00,437.0,439.239990234375,436.2799987792969,438.3699951171875,61502200
2024-04-11 13:30:00,440.260009765625,446.3299865722656,437.9599914550781,445.3699951171875,45474600
2024-04-12 13:30:00,441.1000061035156,442.239990234375,436.8800048828125,438.2699890136719,53665000
2024-04-15 13:30:00,442.05999755859375,442.1499938964844,430.2099914550781,431.05999755859375,63453600
2024-04-16 13:30:00,430.8999938964844,433.760009765625,429.7000122070313,431.1000061035156,47619000
2024-04-17 13:30:00,433.1000061035156,433.1199951171875,424.8999938964844,425.8399963378906,56880500
2024-04-18 13:30:00,426.489990234375,428.239990234375,422.8299865722656,423.4100036621094,46549400
2024-04-19 13:30:00,422.2200012207031,422.75,413.0700073242187,414.6499938964844,75231000
2024-04-22 13:30:00,417.30999755859375,421.1799926757813,413.94000244140625,418.8200073242187,47807700
2024-04-23 13:30:00,420.7699890136719,426.2799987792969,418.8699951171875,425.0700073242187,44384700
2024-04-24 13:30:00,428.2000122070313,429.7300109863281,424.2000122070313,426.510009765625,48440300
2024-04-25 13:30:00,419.239990234375,425.3200073242187,418.1400146484375,424.4500122070313,57392200
2024-04-26 13:30:00,427.6199951171875,432.5499877929687,426.9200134277344,431.0,41874900
2024-04-29 13:30:00,433.1300048828125,433.760009765625,429.9800109863281,432.75,30022200
2024-04-30 13:30:00,431.1499938964844,432.55999755859375,424.510009765625,424.5899963378906,43665900
2024-05-01 13:30:00,423.1499938964844,430.1400146484375,420.6600036621094,421.5199890136719,52251700
2024-05-02 13:30:00,425.2999877929687,427.80999755859375,420.6300048828125,426.8999938964844,36559000
2024-05-03 13:30:00,434.44000244140625,436.4800109863281,432.6199951171875,435.4800109863281,48515300
2024-05-06 13:30:00,437.2999877929687,440.3399963378906,436.5199890136719,440.25,30227200
2024-05-07 13:30:00,440.7000122070313,441.9700012207031,439.5799865722656,440.3200073242187,30996100
2024-05-08 13:30:00,437.6700134277344,441.4800109863281,437.5499877929687,440.05999755859375,24896700
2024-05-09 13:30:00,440.3299865722656,441.6000061035156,438.4599914550781,441.0199890136719,24580100
2024-05-10 13:30:00,442.5400085449219,444.30999755859375,440.5,442.05999755859375,27116600
2024-05-13 13:30:00,443.989990234375,444.0899963378906,441.6499938964844,443.0799865722656,22994200
2024-05-14 13:30:00,442.6499938964844,446.4700012207031,442.4599914550781,445.9299926757813,34478300
2024-05-15 13:30:00,448.4299926757813,453.1499938964844,446.8999938964844,452.8999938964844,41464700
2024-05-16 13:30:00,452.7099914550781,454.69000244140625,451.80999755859375,451.9800109863281,34780400
2024-05-17 13:30:00,452.1099853515625,452.7200012207031,449.5400085449219,451.760009765625,35803700
2024-05-20 13:30:00,451.9800109863281,455.5799865722656,451.7900085449219,454.9100036621094,24474200
2024-05-21 13:30:00,453.0400085449219,455.989990234375,452.8399963378906,455.7999877929687,23167700
2024-05-22 13:30:00,456.05999755859375,456.8200073242187,453.0799865722656,455.7099914550781,25120000
2024-05-23 13:30:00,460.5499877929687,460.5799865722656,451.8500061035156,453.6600036621094,40899200
2024-05-24 13:30:00,455.2900085449219,459.2300109863281,453.5700073242187,457.9500122070313,29669500
2024-05-28 13:30:00,459.1799926757813,459.739990234375,456.69000244140625,459.6799926757813,26216800
2024-05-29 13:30:00,455.4800109863281,458.239990234375,455.3399963378906,456.44000244140625,29739200
2024-05-30 13:30:00,455.5,455.6400146484375,450.2099914550781,451.5499877929687,30536800
2024-05-31 13:30:00,451.7799987792969,452.4800109863281,443.05999755859375,450.7099914550781,55941300
2024-06-03 13:30:00,454.5700073242187,455.5799865722656,447.8999938964844,453.1300048828125,32997500
2024-06-04 13:30:00,452.8699951171875,455.5799865722656,451.1300048828125,454.3699951171875,23767400
2024-06-05 13:30:00,457.9800109863281,463.6099853515625,454.4100036621094,463.5299987792969,33817400
2024-06-06 13:30:00,464.2200012207031,464.5400085449219,462.19000244140625,463.3699951171875,21966800
2024-06-07 13:30:00,463.0,465.739990234375,461.8399963378906,462.9599914550781,25829700
2024-06-10 13:30:00,461.8200073242187,465.19000244140625,461.5299987792969,464.8299865722656,20660800
2024-06-11 13:30:00,463.5400085449219,468.1400146484375,462.0299987792969,468.0199890136719,22053300
2024-06-12 13:30:00,471.989990234375,476.5,471.2900085449219,474.1499938964844,34532600
2024-06-13 13:30:00,477.7200012207031,478.3900146484375,474.4200134277344,476.7200012207031,25859000
2024-06-14 13:30:00,476.5199890136719,479.260009765625,476.0499877929687,479.19000244140625,23372600
2024-06-17 13:30:00,479.4599914550781,486.8599853515625,478.1400146484375,485.05999755859375,37054500
2024-06-18 13:30:00,485.010009765625,485.8999938964844,483.4299926757813,485.2099914550781,24438600
2024-06-20 13:30:00,486.4200134277344,486.8399963378906,479.6199951171875,481.4700012207031,33918700
2024-06-21 13:30:00,481.19000244140625,482.5400085449219,478.6700134277344,480.1799926757813,37456800
2024-06-24 13:30:00,478.1799926757813,479.9299926757813,473.8200073242187,473.9599914550781,37751000
2024-06-25 13:30:00,476.0700073242187,479.6799926757813,475.1199951171875,479.3800048828125,29014700
2024-06-26 13:30:00,478.5499877929687,480.9200134277344,478.1300048828125,480.3699951171875,22737100
2024-06-27 13:30:00,480.1199951171875,483.1000061035156,479.2999877929687,481.6099853515625,26222100
2024-06-28 13:30:00,482.4100036621094,487.2000122070313,478.4599914550781,479.1099853515625,34881600
2024-07-01 13:30:00,480.0400085449219,482.489990234375,476.260009765625,481.9200134277344,24898300
2024-07-02 13:30:00,480.4100036621094,487.0400085449219,480.2799987792969,486.9800109863281,26723600
2024-07-03 13:30:00,486.2200012207031,491.1700134277344,486.2200012207031,491.0400085449219,18064900
2024-07-05 13:30:00,491.8900146484375,496.6000061035156,491.5899963378906,496.1600036621094,28495900
2024-07-08 13:30:00,496.5299987792969,497.8999938964844,495.5,497.3399963378906,22109400
2024-07-09 13:30:00,498.8699951171875,500.0,496.239990234375,497.7699890136719,25614500
2024-07-10 13:30:00,499.7099914550781,503.5199890136719,498.3900146484375,502.9599914550781,28046900
2024-07-11 13:30:00,503.0700073242187,503.2799987792969,490.7300109863281,491.9299926757813,49966600
2024-07-12 13:30:00,492.510009765625,499.6199951171875,492.0400085449219,494.8200073242187,37109400
2024-07-15 13:30:00,496.6099853515625,501.010009765625,494.0899963378906,496.1499938964844,31151400
2024-07-16 13:30:00,497.6199951171875,498.44000244140625,493.1499938964844,496.3399963378906,25950600
2024-07-17 13:30:00,488.2799987792969,488.7999877929687,481.7000122070313,481.7699890136719,56268800
2024-07-18 13:30:00,485.5299987792969,485.7099914550781,476.2699890136719,479.489990234375,49347400
2024-07-19 13:30:00,479.1499938964844,481.69000244140625,473.94000244140625,475.239990234375,42042900
2024-07-22 13:30:00,481.1600036621094,483.3500061035156,477.7099914550781,482.3200073242187,40300000
2024-07-23 13:30:00,481.4100036621094,484.4299926757813,480.1400146484375,480.6199951171875,23282500
2024-07-24 13:30:00,473.8200073242187,474.19000244140625,462.510009765625,463.3800048828125,58818600
2024-07-25 13:30:00,463.7200012207031,467.94000244140625,455.6300048828125,458.2699890136719,59256800
2024-07-26 13:30:00,462.6499938964844,465.9299926757813,459.7699890136719,462.9700012207031,39992100
2024-07-29 13:30:00,465.7099914550781,467.9100036621094,461.6199951171875,463.8999938964844,28218500
2024-07-30 13:30:00,465.8500061035156,466.55999755859375,454.1499938964844,457.5299987792969,41317200
2024-07-31 13:30:00,467.8699951171875,472.7900085449219,466.4100036621094,471.0700073242187,44552100
2024-08-01 13:30:00,471.760009765625,475.5499877929687,455.9800109863281,459.6600036621094,56653900
2024-08-02 13:30:00,450.8900146484375,453.5700073242187,444.4700012207031,448.75,66323200
2024-08-05 13:30:00,424.7099914550781,442.2900085449219,423.4500122070313,435.3699951171875,87483500
2024-08-06 13:30:00,437.2300109863281,447.0700073242187,434.55999755859375,439.5299987792969,63164400
2024-08-07 13:30:00,446.489990234375,449.0,434.3699951171875,434.7699890136719,54929200
2024-08-08 13:30:00,441.05999755859375,448.989990234375,437.1499938964844,448.0700073242187,47890100
2024-08-09 13:30:00,446.739990234375,452.05999755859375,445.6099853515625,450.4100036621094,33574000
2024-08-12 13:30:00,451.3900146484375,454.3699951171875,448.5499877929687,451.3800048828125,27795000
2024-08-13 13:30:00,455.8200073242187,462.8500061035156,455.6799926757813,462.5799865722656,40084500
2024-08-14 13:30:00,463.510009765625,465.1099853515625,458.3999938964844,462.7300109863281,34733700
2024-08-15 13:30:00,468.760009765625,474.8200073242187,468.3800048828125,474.4200134277344,38280600
2024-08-16 13:30:00,472.6199951171875,476.4100036621094,471.6499938964844,475.0299987792969,38383600
2024-08-19 13:30:00,475.1700134277344,481.30999755859375,473.3699951171875,481.2699890136719,23737700
2024-08-20 13:30:00,480.3500061035156,482.94000244140625,478.5499877929687,480.260009765625,29209300
2024-08-21 13:30:00,481.0499877929687,484.3699951171875,479.3200073242187,482.5,25658800
2024-08-22 13:30:00,484.8399963378906,485.5400085449219,473.80999755859375,474.8500061035156,37739600
2024-08-23 13:30:00,479.239990234375,482.739990234375,475.2799987792969,480.0,36061500
2024-08-26 13:30:00,479.4500122070313,480.3800048828125,473.239990234375,475.3399963378906,27452600
2024-08-27 13:30:00,473.69000244140625,477.8399963378906,471.7099914550781,476.760009765625,27510000
2024-08-28 13:30:00,476.2900085449219,477.0199890136719,467.8900146484375,471.3500061035156,37372400
2024-08-29 13:30:00,473.2799987792969,477.9299926757813,469.3699951171875,470.6600036621094,41081500
2024-08-30 13:30:00,475.0400085449219,476.8999938964844,470.510009765625,476.2699890136719,33466500
2024-09-03 13:30:00,473.2000122070313,473.3299865722656,459.4100036621094,461.80999755859375,44985200
2024-09-04 13:30:00,458.6700134277344,464.4500122070313,457.7300109863281,460.6099853515625,32505100
2024-09-05 13:30:00,458.9700012207031,465.3599853515625,457.94000244140625,461.0400085449219,34452400
2024-09-06 13:30:00,460.3299865722656,461.2200012207031,448.19000244140625,448.69000244140625,50624400
2024-09-09 13:30:00,453.05999755859375,455.4599914550781,449.8200073242187,454.4599914550781,32981200
2024-09-10 13:30:00,456.239990234375,459.1700134277344,452.2300109863281,458.6600036621094,29680300
2024-09-11 13:30:00,459.9100036621094,469.3699951171875,451.2799987792969,468.6199951171875,57843000
2024-09-12 13:30:00,468.6499938964844,474.0400085449219,466.8500061035156,473.2200012207031,40067800
2024-09-13 13:30:00,472.4800109863281,476.5299987792969,472.25,475.3399963378906,29111800
2024-09-16 13:30:00,473.19000244140625,473.8599853515625,469.8900146484375,473.239990234375,22585600
2024-09-17 13:30:00,476.2900085449219,477.6000061035156,470.9700012207031,473.489990234375,30084400
2024-09-18 13:30:00,474.7000122070313,478.8299865722656,470.8299865722656,471.44000244140625,39909200
2024-09-19 13:30:00,482.6099853515625,486.2300109863281,480.489990234375,483.3599853515625,52782500
2024-09-20 13:30:00,482.489990234375,483.69000244140625,478.2999877929687,482.44000244140625,34577700
2024-09-23 13:30:00,482.9500122070313,484.1400146484375,481.6000061035156,483.0400085449219,24843000
2024-09-24 13:30:00,484.4599914550781,486.3299865722656,480.1700134277344,485.3699951171875,25952600
2024-09-25 13:30:00,484.739990234375,487.7900085449219,484.55999755859375,485.8200073242187,26549900
2024-09-26 13:30:00,493.3699951171875,493.7000122070313,485.7999877929687,489.4700012207031,32020200
2024-09-27 13:30:00,490.5,490.6400146484375,485.55999755859375,486.75,22851100
2024-09-30 13:30:00,485.7799987792969,488.4100036621094,482.9200134277344,488.0700073242187,30281100
2024-10-01 13:30:00,487.7000122070313,488.0,477.3999938964844,481.2699890136719,42735400
2024-10-02 13:30:00,480.3599853515625,483.8800048828125,477.7200012207031,481.9500122070313,23744000
2024-10-03 13:30:00,479.739990234375,484.5499877929687,478.989990234375,481.5899963378906,25337200
2024-10-04 13:30:00,487.4500122070313,487.8800048828125,482.3900146484375,487.3200073242187,30686600
2024-10-07 13:30:00,485.3900146484375,486.5700073242187,480.8699951171875,482.1000061035156,24975100
2024-10-08 13:30:00,484.6600036621094,489.989990234375,483.8500061035156,489.2999877929687,28272000
2024-10-09 13:30:00,489.0,493.7300109863281,487.9500122070313,493.1499938964844,24995000
2024-10-10 13:30:00,490.8500061035156,494.4700012207031,489.5299987792969,492.5899963378906,25750400
2024-10-11 13:30:00,490.739990234375,494.3900146484375,490.1700134277344,493.3599853515625,20644500
2024-10-14 13:30:00,495.7699890136719,498.8299865722656,495.260009765625,497.5,26060100
2024-10-15 13:30:00,497.8299865722656,498.5,488.6799926757813,490.8500061035156,34784500
2024-10-16 13:30:00,491.1799926757813,491.69000244140625,487.5700073242187,490.9100036621094,22996800
2024-10-17 13:30:00,496.44000244140625,496.489990234375,491.19000244140625,491.25,27210700
2024-10-18 13:30:00,494.05999755859375,495.5700073242187,493.2999877929687,494.4700012207031,25335000
2024-10-21 13:30:00,493.25,496.2300109863281,491.30999755859375,495.4200134277344,30336500
2024-10-22 13:30:00,492.7300109863281,497.4500122070313,491.9700012207031,495.9599914550781,26685800
2024-10-23 13:30:00,493.5899963378906,494.25,485.0499877929687,488.3599853515625,39346600
2024-10-24 13:30:00,492.1099853515625,493.0,489.44000244140625,492.3200073242187,22024900
2024-10-25 13:30:00,495.1400146484375,500.2799987792969,494.4299926757813,495.3200073242187,38762100
2024-10-28 13:30:00,498.4599914550781,498.5199890136719,495.1000061035156,495.3999938964844,20477800
2024-10-29 13:30:00,495.7200012207031,501.3500061035156,493.8500061035156,500.1600036621094,28014100
2024-10-30 13:30:00,499.3900146484375,500.3500061035156,495.8900146484375,496.3800048828125,29756000
2024-10-31 13:30:00,492.3800048828125,492.4299926757813,483.75,483.8500061035156,41245200
2024-11-01 13:30:00,485.5,490.75,485.2000122070313,487.4299926757813,33655800
2024-11-04 14:30:00,486.8200073242187,489.3800048828125,484.25,486.010009765625,23291600
2024-11-05 14:30:00,487.6099853515625,492.8800048828125,487.5199890136719,492.2099914550781,24353600
2024-11-06 14:30:00,500.55999755859375,506.4100036621094,499.6000061035156,505.5799865722656,43082200
2024-11-07 14:30:00,508.3999938964844,514.3300170898438,508.3399963378906,513.5399780273438,32853100
2024-11-08 14:30:00,513.0399780273438,514.9199829101562,512.4099731445312,514.1400146484375,22924500
2024-11-11 14:30:00,515.3699951171875,515.5800170898438,510.9200134277344,513.8400268554688,24167500
2024-11-12 14:30:00,513.77001953125,514.6599731445312,509.8299865722656,512.9099731445312,25835300
2024-11-13 14:30:00,512.4000244140625,514.97998046875,509.9500122070313,512.25,24567400
2024-11-14 14:30:00,511.9100036621094,512.7899780273438,507.7699890136719,508.69000244140625,28679500
2024-11-15 14:30:00,502.94000244140625,503.3299865722656,494.489990234375,496.5700073242187,51461100
2024-11-18 14:30:00,498.1300048828125,502.1400146484375,496.7300109863281,500.0199890136719,27080800
2024-11-19 14:30:00,497.4200134277344,503.9500122070313,497.0799865722656,503.4599914550781,24523000
2024-11-20 14:30:00,503.1600036621094,503.4800109863281,496.55999755859375,503.1700134277344,29565500
2024-11-21 14:30:00,506.239990234375,506.9599914550781,497.55999755859375,504.9800109863281,34526700
2024-11-22 14:30:00,504.4200134277344,506.5299987792969,502.7799987792969,505.7900085449219,23826600
2024-11-25 14:30:00,509.8999938964844,511.4500122070313,504.260009765625,506.5899963378906,26375200
2024-11-26 14:30:00,508.0799865722656,510.1400146484375,507.2300109863281,509.30999755859375,26557100
2024-11-27 14:30:00,508.1700134277344,508.239990234375,501.9299926757813,505.2999877929687,24957400
2024-11-29 14:30:00,505.9299926757813,510.3399963378906,505.30999755859375,509.739990234375,15334000
2024-12-02 14:30:00,511.010009765625,516.260009765625,510.6199951171875,515.2899780273438,25147200
2024-12-03 14:30:00,513.9500122070312,517.1500244140625,513.3699951171875,516.8699951171875,18597900
2024-12-04 14:30:00,520.3200073242188,523.52001953125,519.5999755859375,523.260009765625,26086200
2024-12-05 14:30:00,523.3099975585938,524.0399780273438,521.4199829101562,521.8099975585938,18169600
2024-12-06 14:30:00,522.47998046875,526.719970703125,522.3499755859375,526.47998046875,23762600
2024-12-09 14:30:00,525.5499877929688,526.3499755859375,521.219970703125,522.3800048828125,20674400
2024-12-10 14:30:00,523.6199951171875,525.3800048828125,519.1599731445312,520.5999755859375,24350000
2024-12-11 14:30:00,525.0,530.6099853515625,524.5900268554688,529.9199829101562,32168600
2024-12-12 14:30:00,527.6799926757812,528.9600219726562,526.02001953125,526.5,23577500
2024-12-13 14:30:00,530.4600219726562,533.1699829101562,527.2999877929688,530.530029296875,28780400
2024-12-16 14:30:00,533.0800170898438,539.1500244140625,533.0,538.1699829101562,31979900
2024-12-17 14:30:00,536.3599853515625,537.47998046875,534.1300048828125,535.7999877929688,28579100
2024-12-18 14:30:00,535.1500244140625,536.8800048828125,515.010009765625,516.469970703125,54703200
2024-12-19 14:30:00,521.1900024414062,521.760009765625,513.8300170898438,514.1699829101562,46441800
2024-12-20 14:30:00,510.44000244140625,524.8200073242188,509.2900085449219,518.6599731445312,60530000
2024-12-23 14:30:00,519.5499877929688,523.25,516.1300048828125,522.8699951171875,29672800
2024-12-24 14:30:00,524.8300170898438,530.0499877929688,524.1900024414062,529.9600219726562,17558200
2024-12-26 14:30:00,528.3200073242188,531.239990234375,526.3099975585938,529.5999755859375,19090500
2024-12-27 14:30:00,526.010009765625,526.4500122070312,517.8599853515625,522.5599975585938,33839600
2024-12-30 14:30:00,515.510009765625,519.3599853515625,511.8299865722656,515.6099853515625,34584000
2024-12-31 14:30:00,516.9000244140625,517.6599731445312,510.260009765625,511.2300109863281,29117000
2025-01-02 14:30:00,514.2999877929688,516.6400146484375,505.7099914550781,510.2300109863281,36389800
2025-01-03 14:30:00,513.3499755859375,519.6500244140625,512.530029296875,518.5800170898438,29059500
2025-01-06 14:30:00,524.02001953125,527.9199829101562,522.030029296875,524.5399780273438,36109700
2025-01-07 14:30:00,525.5900268554688,525.989990234375,513.280029296875,515.1799926757812,36690300
2025-01-08 14:30:00,515.0800170898438,516.9199829101562,510.5700073242187,515.27001953125,30777800
2025-01-10 14:30:00,511.4800109863281,511.5799865722656,503.9200134277344,507.19000244140625,40532500
2025-01-13 14:30:00,501.2000122070313,506.0199890136719,499.7000122070313,505.55999755859375,31694200
2025-01-14 14:30:00,508.739990234375,510.1600036621094,501.5899963378906,505.0799865722656,33737200
2025-01-15 14:30:00,513.030029296875,517.8499755859375,511.4599914550781,516.7000122070312,34957600
2025-01-16 14:30:00,518.97998046875,519.0599975585938,512.9500122070312,513.0800170898438,28229000
2025-01-17 14:30:00,522.8499755859375,524.0700073242188,513.1099853515625,521.739990234375,51837900
2025-01-21 14:30:00,524.47998046875,525.969970703125,520.0599975585938,524.7999877929688,23628000
2025-01-22 14:30:00,529.5700073242188,533.8200073242188,529.260009765625,531.510009765625,33593000
2025-01-23 14:30:00,529.0399780273438,532.760009765625,528.4500122070312,532.6400146484375,23096600
2025-01-24 14:30:00,533.02001953125,533.7899780273438,528.1500244140625,529.6300048828125,19878300
2025-01-27 14:30:00,511.0,517.989990234375,510.1499938964844,514.2100219726562,60771700
2025-01-28 14:30:00,515.219970703125,523.0,511.7799987792969,521.8099975585938,33194200
2025-01-29 14:30:00,522.4600219726562,522.5900268554688,516.9000244140625,520.8300170898438,26649000
2025-01-30 14:30:00,523.7100219726562,526.0999755859375,518.2100219726562,523.0499877929688,27431300
2025-01-31 14:30:00,526.9199829101562,531.52001953125,521.1900024414062,522.2899780273438,38755200
2025-02-03 14:30:00,513.469970703125,520.8499755859375,511.0499877929687,518.1099853515625,40580800
2025-02-04 14:30:00,518.6300048828125,525.1099853515625,518.22998046875,524.469970703125,26046800
2025-02-05 14:30:00,521.8200073242188,527.010009765625,520.6199951171875,526.8499755859375,21134100
2025-02-06 14:30:00,527.3599853515625,529.8099975585938,525.739990234375,529.5999755859375,19434500
2025-02-07 14:30:00,530.1400146484375,532.0999755859375,522.1900024414062,522.9199829101562,29605500
2025-02-10 14:30:00,527.219970703125,530.3599853515625,526.75,529.25,20852800
2025-02-11 14:30:00,525.9600219726562,529.9199829101562,525.8300170898438,527.989990234375,19325500
2025-02-12 14:30:00,522.2999877929688,529.1900024414062,521.9500122070312,528.2999877929688,25009400
2025-02-13 14:30:00,529.97998046875,536.219970703125,529.1900024414062,535.9000244140625,28714800
2025-02-14 14:30:00,536.010009765625,538.8400268554688,535.6699829101562,538.1500244140625,17862600
2025-02-18 14:30:00,539.72998046875,540.0,536.0399780273438,539.3699951171875,20565000
2025-02-19 14:30:00,538.5700073242188,540.8099975585938,536.4600219726562,539.52001953125,19666900
2025-02-20 14:30:00,538.72998046875,539.0999755859375,532.4600219726562,537.22998046875,26550800
2025-02-21 14:30:00,538.3800048828125,538.4000244140625,525.7100219726562,526.0800170898438,47093800
2025-02-24 14:30:00,527.8800048828125,529.0700073242188,519.530029296875,519.8699951171875,39268400
2025-02-25 14:30:00,519.239990234375,519.3200073242188,509.44000244140625,513.3200073242188,48940000
2025-02-26 14:30:00,515.530029296875,519.6599731445312,511.3699951171875,514.5599975585938,34457600
2025-02-27 14:30:00,518.1300048828125,519.0700073242188,500.0499877929687,500.2699890136719,52448000
2025-02-28 14:30:00,500.1300048828125,508.7799987792969,496.9299926757813,508.1700134277344,47654000
2025-03-03 14:30:00,511.5199890136719,513.0399780273438,493.5799865722656,497.0499877929687,44587200
2025-03-04 14:30:00,494.1799926757813,503.739990234375,487.739990234375,495.5499877929687,67875400
2025-03-05 14:30:00,496.2000122070313,503.6300048828125,491.260009765625,502.010009765625,46323700
2025-03-06 14:30:00,493.69000244140625,498.5799865722656,486.2000122070313,488.2000122070313,57574300
2025-03-07 14:30:00,487.1600036621094,493.2799987792969,480.5299987792969,491.7900085449219,54714700
2025-03-10 13:30:00,483.4500122070313,483.9700012207031,468.6600036621094,472.7300109863281,76668000
2025-03-11 13:30:00,472.3500061035156,478.80999755859375,467.010009765625,471.6000061035156,68760800
2025-03-12 13:30:00,479.1600036621094,481.05999755859375,471.7900085449219,476.9200134277344,46971100
2025-03-13 13:30:00,476.25,476.2799987792969,466.4299926757813,468.3399963378906,46563300
2025-03-14 13:30:00,473.7300109863281,480.55999755859375,473.1199951171875,479.6600036621094,43563000
2025-03-17 13:30:00,479.6099853515625,485.8399963378906,477.7999877929687,482.7699890136719,41744400
2025-03-18 13:30:00,479.4100036621094,479.6099853515625,472.4100036621094,474.5400085449219,39072300
2025-03-19 13:30:00,476.80999755859375,485.3299865722656,474.8699951171875,480.8900146484375,40430300
2025-03-20 13:30:00,476.8800048828125,484.5499877929687,476.1799926757813,479.260009765625,36780500
2025-03-21 13:30:00,474.0799865722656,481.6099853515625,472.9100036621094,480.8399963378906,42234900
2025-03-24 13:30:00,487.739990234375,491.510009765625,484.3999938964844,490.6600036621094,34567200
2025-03-25 13:30:00,491.3900146484375,493.6199951171875,490.4200134277344,493.4599914550781,26035200
2025-03-26 13:30:00,492.2999877929687,493.1600036621094,482.8200073242187,484.3800048828125,34627100
2025-03-27 13:30:00,482.4100036621094,486.5799865722656,480.25,481.6199951171875,33469800
2025-03-28 13:30:00,479.80999755859375,480.5199890136719,468.0499877929687,468.94000244140625,46363800
2025-03-31 13:30:00,461.9200134277344,469.8599853515625,457.3299865722656,468.9200134277344,53000300
2025-04-01 13:30:00,467.2999877929687,473.6300048828125,464.4200134277344,472.7000122070313,41156200
2025-04-02 13:30:00,466.1199951171875,479.55999755859375,465.8599853515625,476.1499938964844,49894500
2025-04-03 13:30:00,456.44000244140625,460.0700073242187,450.1400146484375,450.6600036621094,70456300
2025-04-04 13:30:00,438.1400146484375,440.3699951171875,422.6700134277344,422.6700134277344,117088400
2025-04-07 13:30:00,408.6600036621094,443.1400146484375,402.3900146484375,423.69000244140625,161557000
2025-04-08 13:30:00,438.1600036621094,443.1400146484375,409.7900085449219,416.05999755859375,101248100
2025-04-09 13:30:00,415.5700073242187,467.8299865722656,415.4299926757813,466.0,142876900
2025-04-10 13:30:00,453.55999755859375,455.5899963378906,432.6300048828125,446.1799926757813,108384100
2025-04-11 13:30:00,444.6499938964844,455.7900085449219,441.3299865722656,454.3999938964844,52483800
2025-04-14 13:30:00,464.4599914550781,465.0499877929687,452.6300048828125,457.4800109863281,43941200
2025-04-15 13:30:00,458.5400085449219,462.3800048828125,456.1499938964844,457.989990234375,35404200
2025-04-16 13:30:00,449.0299987792969,452.6199951171875,437.760009765625,444.1799926757813,48980600
2025-04-17 13:30:00,447.1700134277344,447.75,441.3599853515625,444.1000061035156,44837000
2025-04-21 13:30:00,438.2300109863281,439.0799865722656,427.9299926757813,433.1099853515625,44149300
2025-04-22 13:30:00,438.8200073242187,447.5799865722656,437.6199951171875,444.4800109863281,52304400
2025-04-23 13:30:00,458.1700134277344,463.3800048828125,452.8800048828125,454.55999755859375,55801100
2025-04-24 13:30:00,456.4800109863281,467.6600036621094,455.8299865722656,467.3500061035156,45956100
2025-04-25 13:30:00,466.9700012207031,473.0899963378906,465.3900146484375,472.55999755859375,38697100
2025-04-28 13:30:00,473.0299987792969,474.80999755859375,466.0299987792969,472.4100036621094,33550800
2025-04-29 13:30:00,470.1700134277344,476.4200134277344,469.5899963378906,475.5299987792969,30613100
2025-04-30 13:30:00,467.1300048828125,477.2000122070313,462.4299926757813,475.4700012207031,46810600
2025-05-01 13:30:00,483.4100036621094,487.1799926757813,480.739990234375,481.6799926757813,43316500
2025-05-02 13:30:00,486.5400085449219,490.9100036621094,484.8299865722656,488.8299865722656,39218100
2025-05-05 13:30:00,484.6000061035156,489.0299987792969,484.1000061035156,485.9299926757813,28309500
2025-05-06 13:30:00,479.55999755859375,485.0499877929687,478.19000244140625,481.4100036621094,32786300
2025-05-07 13:30:00,482.0799865722656,485.7999877929687,476.7799987792969,483.2999877929687,38006300
2025-05-08 13:30:00,488.5299987792969,492.7000122070313,484.1700134277344,488.2900085449219,39577600
2025-05-09 13:30:00,490.2099914550781,491.5400085449219,486.2000122070313,487.9700012207031,27767400
2025-05-12 13:30:00,506.989990234375,507.8900146484375,501.4800109863281,507.8500061035156,45090600
2025-05-13 13:30:00,509.1600036621094,517.3900146484375,508.4200134277344,515.5900268554688,53269600
2025-05-14 13:30:00,516.77001953125,519.22998046875,515.75,518.6799926757812,47014500
2025-05-15 13:30:00,516.52001953125,521.9299926757812,515.1699829101562,519.25,50153300
2025-05-16 13:30:00,520.6599731445312,521.7000122070312,517.0999755859375,521.510009765625,48394600
2025-05-19 13:30:00,514.239990234375,522.530029296875,514.239990234375,522.010009765625,52536200
2025-05-20 13:30:00,519.469970703125,520.9299926757812,516.6599731445312,520.27001953125,42517600
2025-05-21 13:30:00,516.27001953125,523.0,511.239990234375,513.0399780273438,71292800
2025-05-22 13:30:00,513.6599731445312,517.7100219726562,512.2999877929688,514.0,55607200
2025-05-23 13:30:00,506.1799926757813,511.8399963378906,505.5799865722656,509.239990234375,58368100
2025-05-27 13:30:00,516.1500244140625,521.7100219726562,514.5900268554688,521.219970703125,47226300
2025-05-28 13:30:00,522.1799926757812,523.6799926757812,518.3900146484375,518.9099731445312,46637200
2025-05-29 13:30:00,526.3300170898438,526.47998046875,517.3200073242188,519.9299926757812,58513300
2025-05-30 13:30:00,519.4400024414062,520.6799926757812,511.9299926757813,519.1099853515625,67662800
2025-06-02 13:30:00,517.239990234375,523.4500122070312,515.969970703125,523.2100219726562,44762800
2025-06-03 13:30:00,523.5599975585938,528.739990234375,522.6900024414062,527.2999877929688,44070300
2025-06-04 13:30:00,528.010009765625,529.8400268554688,525.969970703125,528.77001953125,41359300
2025-06-05 13:30:00,530.1799926757812,533.0499877929688,522.6599731445312,524.7899780273438,61031200
2025-06-06 13:30:00,530.0,531.7999877929688,528.2100219726562,529.9199829101562,42467000
2025-06-09 13:30:00,530.1400146484375,532.3499755859375,529.010009765625,530.7000122070312,33688700
2025-06-10 13:30:00,531.1699829101562,534.9000244140625,528.8900146484375,534.2100219726562,40664800
2025-06-11 13:30:00,535.6199951171875,536.780029296875,530.1099853515625,532.4099731445312,53701000
2025-06-12 13:30:00,531.0900268554688,534.6400146484375,530.8400268554688,533.6599731445312,34104900
2025-06-13 13:30:00,527.6799926757812,531.8699951171875,525.72998046875,526.9600219726562,55814400
2025-06-16 13:30:00,530.5,535.3699951171875,530.4500122070312,534.2899780273438,37622100
2025-06-17 13:30:00,531.7100219726562,533.3300170898438,527.9099731445312,529.0800170898438,42180900
2025-06-18 13:30:00,530.0999755859375,532.5499877929688,527.4000244140625,528.989990234375,43983500
2025-06-20 13:30:00,532.260009765625,533.5599975585938,524.8800048828125,526.8300170898438,61643500
2025-06-23 13:30:00,526.8099975585938,532.1699829101562,523.6500244140625,531.6500244140625,50666100
2025-06-24 13:30:00,536.8900146484375,540.7000122070312,536.27001953125,539.780029296875,45442000
2025-06-25 13:30:00,542.0599975585938,543.3099975585938,539.3800048828125,541.1599731445312,44804200
2025-06-26 13:30:00,543.3499755859375,546.6699829101562,541.52001953125,546.219970703125,43811400
2025-06-27 13:30:00,547.260009765625,549.989990234375,544.5399780273438,548.0900268554688,57577100
2025-06-30 13:30:00,551.260009765625,552.7999877929688,549.010009765625,551.6400146484375,45548700
2025-07-01 13:30:00,549.72998046875,550.7100219726562,544.6599731445312,546.989990234375,56166700
2025-07-02 13:30:00,546.1599731445312,551.0,546.1199951171875,550.7999877929688,36538300
2025-07-03 13:30:00,553.1799926757812,557.2000122070312,553.1799926757812,556.219970703125,26443500
2025-07-07 13:30:00,553.52001953125,554.3400268554688,549.5800170898438,552.030029296875,45349300
2025-07-08 13:30:00,553.3800048828125,554.010009765625,551.0999755859375,552.3400268554688,36153300
2025-07-09 13:30:00,554.47998046875,557.6300048828125,553.0999755859375,556.25,43045500
2025-07-10 13:30:00,556.8900146484375,557.2999877929688,552.75,555.4500122070312,34710900
2025-07-11 13:30:00,553.2999877929688,555.7899780273438,552.0499877929688,554.2000122070312,39618600
2025-07-14 13:30:00,553.989990234375,556.9500122070312,551.6300048828125,556.2100219726562,36453300
2025-07-15 13:30:00,560.25,560.7999877929688,556.6599731445312,556.719970703125,43277700
2025-07-16 13:30:00,557.280029296875,560.2100219726562,551.5599975585938,557.2899780273438,52314700
2025-07-17 13:30:00,558.02001953125,562.3099975585938,557.2100219726562,561.7999877929688,40423800
2025-07-18 13:30:00,563.1199951171875,564.72998046875,559.97998046875,561.260009765625,50484700
2025-07-21 13:30:00,562.0900268554688,566.0599975585938,562.0599975585938,564.1699829101562,39595200
2025-07-22 13:30:00,564.2999877929688,564.3499755859375,558.6099853515625,561.25,43270600
2025-07-23 13:30:00,562.3400268554688,563.8499755859375,559.5800170898438,563.8099975585938,40215300
2025-07-24 13:30:00,565.1300048828125,566.239990234375,563.2899780273438,565.010009765625,42275500
2025-07-25 13:30:00,564.9299926757812,567.7000122070312,564.27001953125,566.3699951171875,30630800
2025-07-28 13:30:00,567.739990234375,569.0399780273438,566.8699951171875,568.1400146484375,31498700
2025-07-29 13:30:00,570.760009765625,572.1099853515625,566.530029296875,567.260009765625,45463300
2025-07-30 13:30:00,568.1799926757812,570.6199951171875,565.0499877929688,568.02001953125,43433800
2025-07-31 13:30:00,574.5399780273438,574.6300048828125,563.8699951171875,565.010009765625,64613600
2025-08-01 13:30:00,558.8300170898438,559.02001953125,551.6799926757812,553.8800048828125,69400800
2025-08-04 13:30:00,559.0499877929688,564.3200073242188,558.9500122070312,564.0999755859375,47669800
2025-08-05 13:30:00,565.3900146484375,566.5599975585938,559.72998046875,560.27001953125,48666600
2025-08-06 13:30:00,561.1099853515625,567.760009765625,560.6300048828125,567.3200073242188,41823700
2025-08-07 13:30:00,571.6699829101562,573.3200073242188,565.1099853515625,569.239990234375,44463000
2025-08-08 13:30:00,570.4500122070312,574.77001953125,570.1500244140625,574.5499877929688,35255500
2025-08-11 13:30:00,574.6900024414062,576.7999877929688,571.5700073242188,572.8499755859375,33112900
2025-08-12 13:30:00,575.1599731445312,580.3499755859375,572.489990234375,580.0499877929688,42143300
2025-08-13 13:30:00,582.760009765625,583.3200073242188,578.9400024414062,580.3400268554688,41209300
2025-08-14 13:30:00,578.280029296875,581.8800048828125,577.9099731445312,579.8900146484375,45425000
2025-08-15 13:30:00,579.7999877929688,579.8400268554688,575.5700073242188,577.3400268554688,49480200
2025-08-18 13:30:00,576.4400024414062,577.77001953125,575.239990234375,577.1099853515625,29831000
2025-08-19 13:30:00,576.3900146484375,576.5599975585938,568.25,569.280029296875,53752600
2025-08-20 13:30:00,568.3300170898438,568.4500122070312,558.8400268554688,565.9000244140625,76781100
2025-08-21 13:30:00,564.3499755859375,566.489990234375,560.97998046875,563.280029296875,46436900
2025-08-22 13:30:00,564.6699829101562,573.989990234375,563.27001953125,571.969970703125,51502100
2025-08-25 13:30:00,570.4000244140625,573.2899780273438,569.1599731445312,570.3200073242188,34044700
2025-08-26 13:30:00,569.8300170898438,572.9199829101562,568.7999877929688,572.6099853515625,34103000
2025-08-27 13:30:00,571.5900268554688,574.4099731445312,570.3699951171875,573.489990234375,36927100
2025-08-28 13:30:00,574.1099853515625,578.0,572.4600219726562,577.0800170898438,46787900
2025-08-29 13:30:00,574.6599731445312,575.030029296875,568.5399780273438,570.4000244140625,56030400
2025-09-02 13:30:00,561.3099975585938,565.969970703125,559.5399780273438,565.6199951171875,65876800
2025-09-03 13:30:00,569.22998046875,571.7000122070312,566.72998046875,570.0700073242188,54230200
2025-09-04 13:30:00,570.739990234375,575.5999755859375,569.030029296875,575.22998046875,47526300
2025-09-05 13:30:00,580.489990234375,581.1199951171875,571.530029296875,576.0599975585938,68342500
2025-09-08 13:30:00,578.3699951171875,580.8400268554688,577.77001953125,578.8699951171875,46371400
2025-09-09 13:30:00,579.6699829101562,580.9400024414062,577.0399780273438,580.510009765625,44007600
2025-09-10 13:30:00,583.739990234375,583.77001953125,578.5499877929688,580.7000122070312,49308000
2025-09-11 13:30:00,583.239990234375,584.8800048828125,581.6199951171875,584.0800170898438,44745800
2025-09-12 13:30:00,585.0399780273438,587.8599853515625,584.0999755859375,586.6599731445312,50745900
2025-09-15 13:30:00,588.4400024414062,591.7899780273438,588.2899780273438,591.6799926757812,44360300
2025-09-16 13:30:00,592.6099853515625,592.8599853515625,590.489990234375,591.1799926757812,36942100
2025-09-17 13:30:00,591.0999755859375,591.75,584.3699951171875,590.0,69384800
2025-09-18 13:30:00,594.9099731445312,598.1400146484375,592.9600219726562,595.3200073242188,61069300
2025-09-19 13:30:00,597.3300170898438,600.0499877929688,595.8499755859375,599.3499755859375,58196100
2025-09-22 13:30:00,597.739990234375,602.8699951171875,597.719970703125,602.2000122070312,57154800
2025-09-23 13:30:00,602.3699951171875,602.5700073242188,596.97998046875,598.2000122070312,64635500
2025-09-24 13:30:00,599.5800170898438,599.9000244140625,593.3599853515625,596.0999755859375,49850300
2025-09-25 13:30:00,592.2000122070312,595.1199951171875,588.5,593.530029296875,70920200
2025-09-26 13:30:00,594.3499755859375,596.2999877929688,591.0599975585938,595.969970703125,54337400
2025-09-29 13:30:00,599.1099853515625,602.0499877929688,597.4099731445312,598.72998046875,48332900
2025-09-30 13:30:00,598.4299926757812,600.7100219726562,596.0999755859375,600.3699951171875,46533800
2025-10-01 13:30:00,597.1699829101562,603.7899780273438,596.3400268554688,603.25,46899600
2025-10-02 13:30:00,607.0599975585938,607.1599731445312,602.9299926757812,605.72998046875,43765400
2025-10-03 13:30:00,606.510009765625,607.3300170898438,601.3900146484375,603.1799926757812,46482100
2025-10-06 13:30:00,608.4500122070312,609.3599853515625,605.969970703125,607.7100219726562,41962100
2025-10-07 13:30:00,609.02001953125,609.7100219726562,603.030029296875,604.510009765625,58209500
2025-10-08 13:30:00,605.4099731445312,611.75,605.260009765625,611.4400024414062,50629800
2025-10-09 13:30:00,611.47998046875,611.6099853515625,607.47998046875,610.7000122070312,45551000
2025-10-10 13:30:00,611.4000244140625,613.1799926757812,589.0499877929688,589.5,97614800
2025-10-13 13:30:00,599.6799926757812,602.9500122070312,597.22998046875,602.010009765625,65872600
2025-10-14 13:30:00,595.3099975585938,602.6900024414062,590.1300048828125,598.0,69203200
2025-10-15 13:30:00,604.010009765625,606.7000122070312,595.9299926757812,602.219970703125,62805500
2025-10-16 13:30:00,605.1099853515625,608.3099975585938,595.5,599.989990234375,70982000
2025-10-17 13:30:00,597.9500122070312,605.510009765625,596.3699951171875,603.9299926757812,72024900
2025-10-20 13:30:00,607.1400146484375,612.7999877929688,607.0700073242188,611.5399780273438,45761700
2025-10-21 13:30:00,611.6400146484375,612.719970703125,609.3200073242188,611.3800048828125,44538200
2025-10-22 13:30:00,610.8200073242188,611.4099731445312,599.739990234375,605.489990234375,61478800
2025-10-23 13:30:00,604.9099731445312,611.3699951171875,604.52001953125,610.5800170898438,42844300
2025-10-24 13:30:00,615.989990234375,618.4199829101562,615.1300048828125,617.0999755859375,47632500
2025-10-27 13:30:00,624.52001953125,628.5499877929688,624.030029296875,628.0900268554688,54098600
2025-10-28 13:30:00,630.3599853515625,634.6799926757812,629.25,632.9199829101562,61195700
2025-10-29 13:30:00,635.5900268554688,637.010009765625,630.25,635.77001953125,67422800
2025-10-30 13:30:00,632.1699829101562,633.5,625.9400024414062,626.0499877929688,61628600
2025-10-31 13:30:00,634.1699829101562,634.2000122070312,626.6900024414062,629.0700073242188,66305100
2025-11-03 14:30:00,635.1099853515625,635.8200073242188,629.8499755859375,632.0800170898438,37154300
2025-11-04 14:30:00,623.280029296875,626.9500122070312,618.4600219726562,619.25,63830800
2025-11-05 14:30:00,618.489990234375,626.5999755859375,617.2100219726562,623.280029296875,48688500
2025-11-06 14:30:00,621.7899780273438,622.0399780273438,610.2999877929688,611.6699829101562,72115100
2025-11-07 14:30:00,608.3099975585938,609.9500122070312,598.6699829101562,609.739990234375,81835400
2025-11-10 14:30:00,618.9199829101562,624.3099975585938,616.8900146484375,623.22998046875,55919900
2025-11-11 14:30:00,620.5700073242188,622.719970703125,617.52001953125,621.5700073242188,44868800
2025-11-12 14:30:00,624.8400268554688,624.8599853515625,617.8099975585938,621.0800170898438,47444400
2025-11-13 14:30:00,617.5399780273438,618.1199951171875,606.0800170898438,608.4000244140625,71333600
2025-11-14 14:30:00,599.5499877929688,613.3499755859375,597.1699829101562,608.8599853515625,80087300
2025-11-17 14:30:00,606.2999877929688,612.47998046875,599.8699951171875,603.6599731445312,63850400
2025-11-18 14:30:00,599.6199951171875,602.3099975585938,591.3400268554688,596.3099975585938,83327300
2025-11-19 14:30:00,597.0700073242188,606.1599731445312,594.5900268554688,599.8699951171875,73111500
2025-11-20 14:30:00,611.6199951171875,614.030029296875,584.75,585.6699829101562,117743200
2025-11-21 14:30:00,587.469970703125,596.97998046875,580.739990234375,590.0700073242188,103273300
2025-11-26 14:30:00,612.510009765625,616.1900024414062,610.3900146484375,614.27001953125,42393600
2025-11-28 14:30:00,616.1099853515625,619.3200073242188,615.4199829101562,619.25,23034400
2025-12-01 14:30:00,613.6300048828125,619.4400024414062,612.52001953125,617.1699829101562,40957600
2025-12-02 14:30:00,619.4600219726562,623.75,617.5900268554688,622.0,54541800
2025-12-03 21:00:01,619.5999755859375,624.219970703125,618.0399780273438,623.52001953125,47481300
