date,open,high,low,close,volume,TEMA20,DEMA20,DEMA10,EMA60,MACD_OSC,MACD_LINE,MACD_SIGNAL,RSI_TEMA,RSI_DEMA,OBV,VOL_MA5,EMA60_SLOPE,TEMA20_SLOPE,DEMA20_SLOPE,OBV_SLOPE20
2024-07-03,44344.0,44545.0,42943.0,44244.0,801638,44244.0,44244.0,44244.0,44244.0,0.0,0.0,0.0,50.0,50.0,0.0,,,,,
2024-07-04,44344.0,45245.0,44244.0,44645.0,559840,44348.006262822586,44316.74376417234,44376.561983471074,44257.147540983606,25.590883190883325,31.988603988604154,6.397720797720831,50.0,50.0,559840.0,,,,,
2024-07-05,45245.0,45345.0,43644.0,44044.0,587772,44276.981905687455,44270.24381816219,44275.49812171299,44250.159097016935,1.8764938596298446,8.743338122258137,6.866844262628293,55.44435878475118,34.93625598647277,-27932.0,,,,,
2024-07-08,43744.0,44745.0,43343.0,44745.0,557253,44400.31354366604,44357.29267126352,44431.9265077522,44266.38338891802,31.5879837697905,46.35182397486642,14.763840205075919,71.94427726443334,66.47823621706291,529321.0,,,,,
2024-07-09,45045.0,48348.0,44745.0,47447.0,1826658,45201.60404090092,44922.225699119575,45440.215708067626,44370.665900756765,220.85540425472735,290.8330955234851,69.97769126875775,91.30892240825744,89.97115783981705,2355979.0,866632.2,,,,
2024-07-10,47447.0,49049.0,46847.0,48348.0,878367,46088.26851783183,45571.0237042433,46479.37738073935,44501.07029745326,384.7686933041272,550.9385578989168,166.16986459478954,93.46458855548586,92.30700469865906,3234346.0,881978.0,,,,
2024-07-11,49249.0,49850.0,48348.0,48849.0,859121,46936.734221631996,46218.198273478425,47402.40701680094,44643.625369667905,497.79386728523053,788.4121987013277,290.6183314160972,94.62614674924612,93.4409388478508,4093467.0,941834.2,,,,
2024-07-12,47247.0,49750.0,47147.0,48849.0,640794,47619.76302177451,46771.83370749195,48068.12414451818,44781.506505088626,539.8911677332754,965.4822910826915,425.5911233494161,94.83903060640739,93.56087631636126,4093467.0,952438.6,,,,
2024-07-15,48649.0,48849.0,47347.0,48148.0,333172,47982.10349201793,47116.71138742147,48307.848035154726,44891.883340987355,489.358737583874,1037.2895453292585,547.9308077453845,63.488554082386976,71.90160963135693,3760295.0,907622.4,,,,
2024-07-16,48448.0,49950.0,48148.0,48749.0,539496,48417.673804212354,47517.405257954044,48661.71781202202,45018.346182266454,465.3920310619445,1129.6708465728152,664.2788155108707,71.9071901222109,77.27869273533216,4299791.0,650190.0,,,,
2024-07-17,48749.0,48749.0,45145.0,45445.0,826294,47899.15335966676,47257.216746004946,47809.25980109774,45032.33483202821,209.06388001921107,925.6086655348845,716.5447855156734,19.682566296159436,31.82451792245861,3473497.0,639775.4,,,,
2024-07-18,43243.0,45846.0,43143.0,45445.0,1139196,47457.84845313601,47027.79062401482,47160.44874250884,45045.86483753548,30.910284761648654,755.1826414677344,724.2723567060857,15.862209917410794,30.99178986509351,3473497.0,695790.4,,,,
2024-07-19,44945.0,45245.0,43644.0,43944.0,493936,46693.92876910391,46553.337126204184,46173.21328204821,45009.73812155071,-184.76667175611658,493.31401701094,678.0806887670566,6.216331985195069,20.986514719754382,2979561.0,666418.8,,,,
2024-07-22,43343.0,43844.0,42042.0,42442.0,863606,45669.651980698305,45868.81317787208,44942.11472481263,44925.5499864179,-412.2990987579758,162.7068153195869,575.0059140775627,0.6973431832791022,14.395808227255202,2115955.0,772505.6,,,,
2024-07-23,42843.0,43143.0,41642.0,41842.0,727163,44671.53335310905,45168.540166399565,43836.995369148746,44824.44998686321,-576.8314333685439,-146.0333776331172,430.7980557354268,-3.28582248253538,11.654365998600213,1388792.0,810039.0,,,,
2024-07-24,41942.0,43443.0,41842.0,42442.0,709990,44011.73008609918,44673.97164529486,43229.60157340187,44746.336872539825,-615.3555616269492,-338.3963962982598,276.95916532868944,13.829817531663522,22.67221776737486,2098782.0,786778.2,,,,
2024-07-25,42342.0,42342.0,40040.0,40741.0,514466,43036.43808013449,43940.304700396955,42234.64864985556,44615.01435212868,-718.32261351288,-620.9441015624107,97.37851195046943,5.304705567526156,14.541122333032064,1584316.0,661832.2,,,,
2024-07-26,40741.0,41141.0,39980.0,40140.0,428756,42092.312486897965,43201.68568472863,41320.55128285825,44468.292570091675,-784.4469057194607,-883.1801201988565,-98.73321447939577,1.416371584481567,11.788739037293894,1155560.0,648796.2,,,,
2024-07-29,40240.0,40340.0,39680.0,40140.0,437947,41334.20693091563,42569.28612147425,40669.60837493911,44326.38133828539,-783.8701961293602,-1078.5709596410961,-294.7007635117359,-2.9850714825040683,10.664579076689975,1155560.0,563664.4,,,,
2024-07-30,39700.0,39960.0,38719.0,39459.0,537742,40555.53218060126,41906.03581122317,39991.22152335891,44166.795064898986,-783.1900532181413,-1273.6883300344125,-490.4982768162712,-6.684439550150628,7.354738115744652,617818.0,525780.2,13.644847246871194,-160.33470828206927,-79.6959330420427,9620.407518796983
2024-07-31,39099.0,40641.0,38398.0,40140.0,529520,40116.4232309246,41464.44509638069,39744.62465499996,44034.76899719738,-693.7760278463674,-1357.7183116242304,-663.942283777863,28.617499056534854,25.649060121968205,1147338.0,489686.2,-0.6307017938862796,-246.45465384165485,-147.36274758535453,-38563.353383458714
2024-08-01,42042.0,42042.0,39920.0,40340.0,536898,39832.6165329325,41127.229612381474,39658.73337436298,43913.629030076154,-582.5475953613167,-1392.126777979509,-809.5791826181922,40.81328471580422,30.963255099017985,1684236.0,494172.6,-16.114595954224196,-328.77989429178473,-214.51855862575755,-71962.88421052633
2024-08-02,39199.0,39439.0,37057.0,37918.0,1032832,38996.538114042734,40404.681521285675,38823.095959246886,43717.05102909005,-629.4792640629078,-1596.428262696827,-966.9489986339192,10.580477936365753,13.85410102181848,651404.0,614987.8,-34.00052193427782,-417.3804896283546,-287.9344330446946,-131088.58947368423
2024-08-05,36797.0,38158.0,32833.0,33834.0,1149960,37279.01476137787,39049.79130139742,36883.69914551639,43393.01656911988,-877.7126311853108,-2064.0897876155577,-1186.377156430247,3.058959664632397,5.896860842005921,-498556.0,757390.4,-55.45767233061478,-520.6292742279269,-373.518550823779,-198865.12105263176
2024-08-06,36797.0,37918.0,36036.0,37337.0,1034276,36813.20230304131,38528.842243380976,36642.62527366319,43194.458648820866,-752.9200997110784,-2127.527281069095,-1374.6071813580165,45.71418759110746,40.810804046663755,535720.0,856697.2,-76.79146490550093,-607.1718473251568,-449.6435977589556,-221478.63308270683
2024-08-07,38018.0,40641.0,37818.0,39439.0,947892,37012.66499273851,38472.901248103284,37199.07581321061,43071.32885705625,-488.5564822200247,-1985.3027841330477,-1496.746301913023,61.64056938945105,54.302894864729296,1483612.0,940371.6,-96.05650500597424,-664.2508500498194,-506.709512281502,-213944.64661654152
2024-08-08,39019.0,41141.0,38398.0,38518.0,919466,36971.36380441534,38268.79624971857,37341.16003180978,42922.0393863331,-342.37806829693704,-1924.7188872841944,-1582.3408189872573,54.67774389533438,48.92860217013349,564146.0,1016885.2,-113.0533951413634,-694.8755187505324,-545.7987983101322,-203348.1375939851
2024-08-09,40841.0,42242.0,39199.0,39199.0,793007,37146.1698108516,38227.514867823425,37700.302028332866,42799.97252120742,-174.92251803909858,-1800.9939665361308,-1626.0714484970322,62.65205623636152,54.33026590216107,1357153.0,968920.2,-127.02817597365583,-697.232774098077,-564.7822182441786,-176115.70751879705
2024-08-12,39479.0,41742.0,39439.0,40641.0,601628,37693.08311378384,38464.12113010134,38466.95734738276,42729.18653690554,46.05475838208372,-1568.5030005194276,-1614.5577589015113,76.33053220917988,64.50703022732306,1958781.0,859253.8,-137.291642655649,-670.3060527142916,-562.0915119066938,-141434.44436090245
2024-08-13,40841.0,41642.0,39900.0,41141.0,415994,38296.623534982326,38768.25350235059,39217.3313263374,42677.11484717093,228.77321447015515,-1328.5912408138174,-1557.3644552839726,83.99994690625788,68.75352180223155,2374775.0,735597.4,-143.050033269923,-612.4076882362781,-535.7178981492382,-89583.00827067673
2024-08-14,42543.0,43043.0,41642.0,42342.0,623312,39123.73882676772,39256.60446011154,40180.26493782482,42666.12747513253,422.14814167822806,-1029.6792781861877,-1451.8274198644158,94.60279339890045,76.76626709991129,2998087.0,670681.4,-145.2238643003926,-535.660931467346,-493.319462619051,-38979.10150375944
2024-08-16,43944.0,44545.0,43343.0,44444.0,672318,40362.438711780625,40065.66631478558,41591.211737652746,42724.4183775872,668.6028594060467,-616.0738456068575,-1284.6767050129042,102.0648330408621,85.87390403264469,3670405.0,621251.8,-142.79312993531101,-434.9903221842016,-430.95452239051644,21944.250375939824
2024-08-19,43944.0,44144.0,41842.0,41942.0,478636,40737.37032580667,40313.79480521232,41802.92945530111,42698.76531602696,640.0669925772343,-484.59296429136157,-1124.6599568685958,58.02115475385698,58.19156840451575,3191769.0,558377.6,-137.80839277731786,-330.3556476495317,-362.06690059616074,67934.8533834586
2024-08-20,42843.0,43143.0,40941.0,41041.0,517532,40815.5409643208,40368.23291365495,41651.403978510316,42644.41235484574,541.3814897174684,-447.9330947217604,-989.3145844392288,46.610607197751236,50.59914205407815,2674237.0,541558.4,-131.45426576157035,-231.81981036159485,-293.82709399923317,92577.14812030071
2024-08-21,40240.0,41241.0,40020.0,40641.0,404101,40779.106038701444,40346.33546579366,41397.55951955085,42578.72670386719,434.6395427951136,-446.015155945337,-880.6546987404506,39.87988649002997,46.90912350602016,2270136.0,539179.8,-124.20453881807563,-142.2648247528963,-228.6855011029484,99125.52857142856
2024-08-22,40841.0,40941.0,39800.0,40240.0,423806,40648.147004427,40258.33927409048,41070.05836869201,42502.047139805974,327.3891129535913,-471.4183075484616,-798.8074205020529,30.763158056996588,42.52014215097604,1846330.0,499278.6,-115.9065716880852,-59.14535465517986,-165.35853766857767,109504.57669172931
2024-08-23,39279.0,41141.0,39279.0,40440.0,288487,40595.82594605021,40222.42094687687,40889.497817499156,42434.43903686152,263.0504505664751,-469.9943572939592,-733.0448078604343,33.5393342018761,45.24847016537422,2134817.0,422512.4,-107.27307630178677,12.885343960528541,-107.48885943533966,116261.34736842106
2024-08-26,41141.0,41241.0,38899.0,38959.0,475799,40172.045762189155,39926.329790614676,40264.180495874214,42320.49021598081,121.1037536136655,-581.6651158433524,-702.7688694570179,8.288450350512122,28.294382685860853,1659018.0,421945.0,-99.30502030569914,67.6248871753617,-59.92065773666962,108623.33684210523
2024-08-27,38438.0,38939.0,38138.0,38298.0,431344,39657.84268831594,39555.26805235366,39583.920784840186,42188.60529086668,-9.990611098147156,-715.2571333297019,-705.2665222315547,-2.823586338210845,21.557973098148253,1227674.0,404707.4,-92.23196035237446,105.936203600873,-22.71324706587461,94066.1894736842
2024-08-28,38338.0,39920.0,38238.0,39920.0,472318,39663.88932628096,39534.35567203248,39622.22888621938,42114.224789526794,18.3077361347556,-682.3818520631103,-700.6895881978659,51.40520676235404,49.7695707831534,1699992.0,418350.8,-85.52656143043042,134.55988457520544,8.255399993540207,77657.33684210526
2024-08-29,38539.0,39239.0,37798.0,38859.0,479206,39400.76855816981,39328.263173202366,39306.97302396185,42007.49610790297,-26.237617914842417,-733.4866105914189,-707.2489926765764,32.19820803532504,37.48641161785099,1220786.0,429430.8,-79.3439082391952,153.83221455052802,32.8738198265776,61136.19699248118
2024-08-30,38919.0,39519.0,38338.0,39179.0,416578,39275.6792245185,39213.35060002668,39186.91007405518,41914.75853059468,-25.912857073563714,-739.6400640185311,-713.7272069449674,40.46533641517297,42.59391648494926,1637364.0,455049.0,-73.35028324330892,167.91256809600404,53.738480104755475,58933.060150375946
2024-09-02,39139.0,39499.0,38478.0,38839.0,266184,39092.89690500234,39057.29427051075,38993.87917125633,41813.91398860797,-39.54199947397626,-763.1547062874379,-723.6127068134616,30.325273434559136,37.22707197998502,1371180.0,413126.0,-68.8953374350105,167.0180071672944,63.84312372946903,36689.90526315789
2024-09-03,38639.0,38679.0,37097.0,37638.0,494800,38639.84434060101,38709.699005120056,38462.51537115936,41676.99877586673,-116.05960026019989,-868.6872071387115,-752.6276068785116,9.944187471517623,22.784299845212956,876380.0,425817.2,-68.65079660452658,132.3875765306862,49.61526347559231,-11861.454135338381
2024-09-04,36096.0,36997.0,36076.0,36296.0,529386,37930.12446606112,38171.99223227081,37635.91595551894,41500.57258649405,-236.71705663105547,-1048.523927667331,-811.8068710362755,0.6385639728181758,13.021776323896077,346994.0,437230.8,-71.48127708070054,78.21699672131703,19.99178343981637,-53712.36992481202
2024-09-05,36356.0,36537.0,35155.0,35455.0,420055,37142.727214825645,37562.25047733278,36760.26127379208,41302.357091854894,-346.2032804836542,-1244.5609716408435,-898.3576911571893,-4.46515403884807,7.847382005314998,-73061.0,425400.6,-76.54036500089448,14.26771344136709,-18.68895540981974,-86313.55714285716
2024-09-06,35576.0,35816.0,34294.0,34755.0,442877,36331.54644202859,36917.02196159138,35899.52512242808,41087.68964622031,-433.1607855405466,-1439.8086730828727,-1006.6478875423261,-8.489880177030187,3.7269948001518287,-515938.0,430660.4,-84.363224967585,-62.117572907835005,-68.44055532985095,-137418.58120300763
2024-09-09,33894.0,35195.0,33614.0,35095.0,279276,35773.96410530249,36430.9095306866,35397.89100052563,40891.20801847538,-434.0816385845196,-1549.2499357729757,-1115.168297188456,5.8404541823366,12.347873615518509,-236662.0,433278.8,-94.1619162234236,-142.74609499979056,-123.7556865511865,-170388.59849624068
2024-09-10,35035.0,35215.0,34414.0,34775.0,184990,35255.309464466205,35962.81378084675,34946.288290804965,40690.676608033566,-422.15841057516127,-1642.8663104074076,-1220.7078998322463,-0.5906887279128199,8.070493701773103,-421652.0,371316.8,-105.07269278999186,-220.0850286731086,-179.32034940022598,-194105.22631578954
2024-09-11,34815.0,35235.0,34234.0,34434.0,291469,34764.68668688765,35507.000128203734,34525.58603749427,40485.53967006525,-403.1877832358241,-1724.6926288770264,-1321.5048456412023,-7.444820191053907,3.3926394639155433,-713121.0,323733.4,-116.67075315210926,-291.2374485345395,-232.83318133533567,-211837.7721804512
2024-09-12,35736.0,37377.0,35696.0,36376.0,774036,34890.48784107654,35476.4315814533,34882.914742716224,40350.80066448934,-234.17978114966104,-1614.2295720782786,-1380.0497909286175,72.37452726080251,57.63748492667328,60915.0,394529.6,-127.07153950260019,-342.2218106867429,-274.167761786975,-204027.43984962415
2024-09-13,36156.0,36537.0,35495.0,35856.0,242602,34881.83642781867,35365.236634281595,34999.57562000642,40203.43015089952,-136.5762832491448,-1550.7701449900487,-1414.193861740904,59.98615531678337,49.22112407859678,-181687.0,354474.6,-135.17554178194405,-367.4055542639444,-298.63171012642874,-184650.50300751886
2024-09-19,36036.0,36376.0,35195.0,36296.0,397852,35010.40830383722,35358.48306859879,35251.43701323353,40075.3176869356,-27.268039638123582,-1448.2789112885584,-1421.0108716504349,73.45325503431752,58.73992794110416,216165.0,378189.8,-141.72381071895887,-376.59107670819617,-312.2060043967109,-161354.75714285712
2024-09-20,37137.0,37317.0,35636.0,35836.0,383576,35016.22845887273,35278.011482463,35302.50333388197,39936.32366441312,26.27264501443301,-1388.1700653823937,-1414.4427103968267,58.144471966281515,49.253656002172825,-167411.0,417907.0,-147.17087917067428,-375.847207875447,-318.6187470775636,-147235.63383458648
2024-09-23,36096.0,38278.0,36096.0,37838.0,571284,35558.53436723053,35580.37364000297,36016.14266146045,39867.52616721924,199.11182059439034,-1165.5529346538387,-1364.664755248229,88.00139897685376,77.23217698846327,403873.0,473870.0,-150.5655970482296,-359.21062939481345,-313.40331122416353,-127062.69774436096
2024-09-24,37838.0,39900.0,37618.0,39339.0,543981,36407.402991572286,36120.653105562866,37050.29319772503,39850.19744042517,405.2379982167545,-858.1172574772863,-1263.3552556940408,96.20824904178689,86.95824472084271,947854.0,427859.0,-151.3416048363674,-324.6646467896119,-294.6921509561375,-103003.86766917299
2024-09-25,39940.0,40541.0,39379.0,39399.0,436379,37128.724639308595,36602.99839954218,37838.07022786166,39835.4040817227,528.5374760741713,-602.6834106013266,-1131.220886675498,100.94056474773981,89.88816148769727,1384233.0,466614.4,-149.4086987736939,-274.2631325251753,-263.4353906496326,-66804.90225563913
2024-09-26,40741.0,40941.0,39760.0,40240.0,431404,37943.255182572684,37175.7663304455,38695.04261240397,39848.66952166622,642.0961723882144,-328.60067119023006,-970.6968435784445,105.20988768410419,95.13561539151553,1815637.0,473324.8,-145.17715509394534,-213.70304752809182,-223.22861417746878,-30826.940601503786
2024-09-27,40440.0,40941.0,39700.0,39840.0,327488,38507.60308516668,37599.86192621492,39187.55990743134,39848.385275054214,662.935413176241,-142.0275771081433,-804.9629902843843,89.70906793023153,85.10981286688951,1488149.0,462107.2,-139.31504203404344,-149.8482807586913,-178.68601309141337,-6573.5909774436495
2024-09-30,39700.0,40020.0,37798.0,37838.0,546663,38447.72750627382,37604.168190087716,38877.01165344367,39782.47100374095,520.8206067370163,-153.937231863114,-674.7578386001303,36.76201264273048,45.3307258840721,941486.0,457183.0,-132.04986254666903,-85.02372255725975,-131.47162908872946,16936.248120300737
2024-10-02,37558.0,38779.0,36917.0,38038.0,289580,38446.639958592496,37646.09537488981,38700.89218909014,39725.27523312649,423.35869363995505,-145.55947155018657,-568.9181651901416,39.43438404294375,48.17984049331228,1231066.0,406302.8,-123.78055853614279,-22.540424428209544,-84.00983982311496,38157.144360902224
2024-10-04,38038.0,39379.0,38038.0,39119.0,199735,38722.36664778236,37880.07118489887,38918.43561579265,39705.397356630536,414.251905276082,-51.1032835950391,-465.35518887112113,62.1561661091791,63.69412125977266,1430801.0,358974.0,-113.8275906363997,43.3415115106787,-32.490372399525604,68793.4864661654
2024-10-07,39039.0,39680.0,38659.0,39179.0,286548,38959.16065355451,38093.72420683465,39090.52879843507,39688.138426904945,394.899791621532,28.269550655793864,-366.63024096573815,63.707825998767035,65.31357516058901,1717349.0,330002.8,-102.3911134874684,110.55223132423083,21.62216519489283,99631.08721804513
2024-10-08,39239.0,39640.0,38458.0,38679.0,251553,39017.55881156151,38187.760134479715,39043.36708438792,39655.05192110478,333.50262809234107,50.24804414968821,-283.25458394265286,44.57746289121751,53.227763200657535,1465796.0,314815.8,-90.39246487565163,171.64485613973912,73.0387044279599,118541.88721804513
2024-10-10,38559.0,38939.0,37718.0,37718.0,592872,38809.74062623595,38094.86201507372,38682.06487632701,39591.54202205216,218.79091964589307,-9.765934385286528,-228.5568540311796,20.730439711613542,34.843219896845014,872924.0,324057.6,-79.04625562421359,217.99455476844835,115.42289121195307,119738.02105263161
2024-10-11,38078.0,40140.0,37938.0,39660.0,582068,39137.5604138948,38367.68816208991,39050.31497253989,39593.786545919305,261.4400739284988,98.24323837944394,-163.1968355490549,66.44682864969471,65.6192875780129,1454992.0,382555.2,-67.92697742921366,255.27207397552002,152.19307827715204,121826.09248120303
2024-10-14,39780.0,40741.0,39560.0,40140.0,348541,39524.48212397038,38689.81851679395,39475.66206264802,39611.69518375802,306.5869299274939,220.03682686031243,-86.55010306718145,73.29505474524126,70.99999430003007,1803533.0,412316.4,-57.372068518062214,282.2691795469218,182.16612439445205,119602.7022556391
2024-10-15,40941.0,41241.0,40040.0,41041.0,426499,40067.27390264405,39130.112811535415,40080.21136883121,39658.55763674956,377.1010870184584,384.8262557058915,7.725168687433154,83.58988474330381,79.28577961103792,2230032.0,440306.6,-47.03049693839847,303.41511471205973,208.08777009121192,124393.84962406015
2024-10-16,39780.0,40240.0,38759.0,39519.0,554491,40107.03077682854,39231.7676622282,40013.530776480075,39653.98197652827,304.3288192665235,388.1361927705875,83.80737350406403,46.34426395146041,51.55685759694616,1675541.0,500894.2,-38.066967764775065,310.48361646160345,224.01169011490956,114633.48796992484
2024-10-17,40000.0,40140.0,38879.0,39700.0,305485,40175.619388577805,39350.421472775124,40012.379941055595,39655.49076418307,253.550093411418,400.74499026833655,147.19489685691855,48.80075188733232,53.88236280746298,1981026.0,443416.8,-30.76194947000992,303.4894585640512,229.51788677930438,101481.38195488721
2024-10-18,40020.0,40020.0,36857.0,36897.0,791793,39494.06363367929,38942.24083721126,39074.67136722415,39565.048444045926,28.208597466018603,182.45564368944179,154.24704622342318,16.768452276091367,25.42435171776114,1189233.0,485361.8,-25.62822845940541,280.60838299094564,222.93068927331018,85188.21954887218
2024-10-21,36897.0,37738.0,36697.0,37337.0,269246,39041.74969265071,38669.374232251175,38520.41450813949,39491.99767538868,-87.83629669146899,44.45167535908695,132.28797205055594,24.42383584053701,31.38940227196302,1458479.0,469502.8,-22.68341041796681,244.20640806207697,205.477944476818,67214.15187969925
2024-10-22,37197.0,37457.0,36036.0,36036.0,450360,38328.92778205894,38197.91314082351,37680.17927162367,39378.68627619561,-240.19928918744318,-167.96113943374803,72.23814975369515,13.68672125110156,21.92189459412323,1008119.0,474275.0,-22.310331757645606,193.39583656590284,176.21477801686626,46621.82857142857
2024-10-23,35836.0,37718.0,35816.0,37658.0,531179,38164.326191671185,38086.60904429589,37599.553062993284,39322.270332713786,-220.25214818252994,-203.07703547446727,17.17511270806267,45.76645574807388,44.943935670539574,1539298.0,469612.6,-23.890271576758874,135.33545610877832,139.82112938598976,26370.405263157896
2024-10-24,37538.0,37538.0,36136.0,36216.0,376828,37656.144268930286,37730.0212551266,37070.81806174506,39220.42540377235,-288.3853385330282,-343.3065604582225,-54.92122192519437,30.154282657474653,32.95820115839527,1162470.0,483881.2,-27.088026754939158,73.84407721393636,98.8840538306459,7189.518796992467
2024-10-25,36516.0,36757.0,35856.0,36156.0,276828,37226.900288096884,37413.50362040866,36668.77833159559,39119.95243971424,-319.30061983770474,-454.0469967223253,-134.74637688462056,28.117771448902076,31.75471290463709,885642.0,380888.2,-31.02163761198228,16.46952965138356,58.72347337821252,-8497.627067669197
2024-10-28,36236.0,36537.0,35936.0,36096.0,254550,36864.60477078956,37132.11386844762,36362.85823681468,39020.80645808426,-324.5400559516278,-540.4214468241553,-215.8813908725275,25.044167361676287,30.200284647057572,631092.0,377949.0,-35.50708620007567,-35.92370574532379,20.214881539773355,-20837.454887218093
2024-10-29,36076.0,36216.0,35035.0,36216.0,265879,36605.61909207891,36914.14072574529,36188.91641347161,38928.84559060609,-301.1848379025122,-592.3624382506678,-291.1776003481556,28.360167835298114,32.212879457391026,896971.0,341052.8,-39.871848318993926,-78.75855523971359,-13.159570524368991,-21434.826315789505
2024-10-30,36256.0,36617.0,35576.0,35776.0,217737,36287.223614250855,36649.558259943646,35927.916799052815,38825.47360402884,-296.1827942861956,-661.4060932059001,-365.2232989197045,14.203486409509637,24.80191099287339,679234.0,278364.4,-44.33464732640804,-115.21967236062406,-43.224103889015815,-28932.13684210533
2024-10-31,35255.0,36557.0,35155.0,36557.0,317687,36237.97420398649,36566.72718694101,36006.35782414261,38751.097420290185,-224.34995221497599,-645.6607391884245,-421.3107869734485,59.01937285005961,47.64637732116359,996921.0,266536.2,-49.36250185755225,-149.99083986494807,-72.97491658688202,-39306.16917293236
2024-11-01,36136.0,36176.0,34635.0,34695.0,360504,35723.98858214775,36161.056152696765,35461.53378890048,38618.11061962493,-282.55320322711776,-774.5022910073458,-491.949087780228,19.00497126620526,23.189548721640392,636417.0,283271.4,-55.64232122226278,-188.7988936186502,-106.29895993399575,-50341.30375939854
2024-11-04,34695.0,36436.0,34394.0,36296.0,480504,35728.75223391964,36106.10951330229,35600.73311113012,38541.975845210996,-197.56488186642173,-738.9051901132552,-541.3403082468335,56.710058572353866,50.905300209392536,1116921.0,328462.2,-61.65873223605223,-219.0911033050247,-134.4804586900732,-50464.17593984968
2024-11-05,36256.0,36937.0,35836.0,36336.0,213806,35754.013567152055,36070.109116761225,35730.12329837044,38469.64876831883,-126.45116815677795,-699.4042684428059,-572.953100286028,59.58249898155569,52.03252417521802,1330727.0,318047.6,-67.23139058995505,-240.78190826932723,-157.13516852166575,-42536.23458646618
2024-11-06,36677.0,36837.0,34855.0,35175.0,339515,35483.83443110011,35832.438868193494,35452.96719897362,38361.62749722641,-144.11849456383754,-753.101218490825,-608.9827239269874,35.02118448677821,35.85371683407848,991212.0,342403.2,-73.03731319602736,-260.59056894343047,-178.6573596029514,-42849.010526315826
2024-11-07,34855.0,35936.0,34855.0,35636.0,244136,35392.568308960064,35715.548357522915,35410.640646518776,38272.26266125177,-112.66518058381598,-749.8141996567574,-637.1490190729414,48.22919327438786,44.70265043868813,1235348.0,327693.0,-79.17766506215128,-279.67049988187506,-199.77439104340834,-48321.60601503765
2024-11-08,36036.0,36617.0,35255.0,35455.0,338701,35281.58105743602,35586.30648046583,35329.92152804838,38179.89339366974,-92.78698896164747,-753.1327552750008,-660.3457663133534,43.90552596376827,41.67022088935617,896647.0,323332.4,-84.61825930515259,-290.02125608616177,-214.8520384700614,-49987.23834586471
2024-11-11,35115.0,35295.0,33634.0,33674.0,419565,34739.3657653608,35156.23495316544,34691.26091062445,38032.15918404123,-183.1026892295331,-889.2241278502697,-706.1214386207366,15.239360485251098,21.171418152991507,477082.0,311144.6,-89.76041917509387,-296.2101896776101,-226.80476725511633,-51303.76090225567
2024-11-12,33373.0,33674.0,32152.0,32793.0,496124,34078.71086122061,34630.9180344169,33938.85964075803,37860.38347308906,-279.8980623734758,-1055.9940165875814,-776.0959542141056,8.008886592738946,14.869848247190305,-19042.0,367608.2,-94.24134219979803,-296.0709902685302,-233.9963487765579,-50978.91127819555
2024-11-13,32472.0,32753.0,30430.0,31131.0,609675,33121.04414100589,33882.72964483439,32847.884918260424,37639.74794938122,-424.8842466769279,-1307.2012625602656,-882.3170158833377,2.0938440871359063,8.078963288202544,-628717.0,421640.2,-99.2424272453857,-299.9796459296446,-243.50555284182227,-64736.75939849629
2024-11-14,31031.0,31231.0,28689.0,30070.0,1142502,32079.61270276802,33052.83638583525,31710.062668712082,37391.55949202446,-553.1522693466632,-1573.7573525666667,-1020.6050832200035,-0.8009418232955738,4.771433755052286,-1771219.0,601313.4,-104.73631536972076,-307.1776724239455,-254.9532274820541,-86527.56766917296
2024-11-15,29830.0,31792.0,29690.0,31111.0,623771,31519.097657671366,32535.278988914535,31238.29528947024,37185.6395086794,-528.8121752300196,-1681.6203022575282,-1152.8081270275086,28.588460171969075,25.97748930736013,-1147448.0,658327.4,-111.19554624752796,-320.970017217561,-270.7694838624808,-106266.88270676696
2024-11-18,31131.0,31652.0,29950.0,30310.0,446528,30877.469807255344,31953.38480242013,30653.482571482884,36960.208705116136,-526.4430848129721,-1810.8619830437237,-1284.4188982307517,21.262368205703908,20.563733837362236,-1593976.0,663720.0,-118.45059181614177,-339.0778431897375,-289.572405318817,-124620.11052631578
2024-11-19,30350.0,30811.0,29369.0,30490.0,447238,30425.654901721573,31494.79672864652,30310.145708318356,36748.07071478446,-474.16418701626367,-1877.1241320010813,-1402.9599449848176,27.24597362834487,24.12457794536526,-1146738.0,653942.8,-126.71810600040222,-362.61813800159814,-312.2714752428363,-139105.01353383463
2024-11-20,30510.0,31011.0,30110.0,30691.0,190150,30136.02464875659,31146.74801765591,30152.70051204067,36549.478232332505,-390.9224480409696,-1891.6130050360298,-1500.6905569950602,36.97594173127101,29.245381040781268,-956588.0,570037.8,-134.75762082893496,-381.0103594629337,-331.6202284086198,-139246.06466165418
2024-11-21,30831.0,31031.0,30190.0,30731.0,271339,29937.73777927924,30864.959861786905,30078.321479423685,36358.70845422325,-302.02112211247504,-1878.2169596356543,-1576.1958375231793,42.899233773159686,30.425267508620948,-685249.0,395805.2,-142.9608838462537,-398.18654168502155,-350.18897892837845,-137707.54812030078
2024-11-22,30851.0,32212.0,30611.0,31371.0,316983,29969.480719358544,30749.174456535526,30261.67695413714,36195.17702949462,-175.25386561329174,-1795.263169539794,-1620.0093039265023,79.84111856608351,52.157397591238066,-368266.0,334447.6,-150.7833915372297,-410.08016357379387,-365.0860529384936,-133233.14661654134
2024-11-25,31291.0,33073.0,31291.0,32973.0,471379,30437.813583218798,30950.64559231355,30950.677661866408,36089.5318809866,30.393705126507484,-1582.0171725183682,-1612.4108776448757,100.19577972882328,78.5362526998853,103113.0,339417.8,-157.28241999169785,-410.0903586299607,-371.5264163348131,-124158.39398496244
2024-11-26,32953.0,32953.0,31892.0,32252.0,270090,30658.068617760044,31003.11837609271,31240.416064168934,35963.7111635772,126.38383674158126,-1454.4310817178994,-1580.8149184594806,73.8142936230142,62.45344270652836,-166977.0,303988.2,-162.62296926844013,-401.37895310078784,-371.363408718109,-113950.0270676692
2024-11-27,32252.0,32372.0,30951.0,31471.0,307488,30656.417749224674,30915.72200747572,31209.632149539422,35816.40915821401,144.4937344576556,-1400.1977503874114,-1544.691484845067,51.08829322229269,47.88127492292264,-474465.0,327455.8,-167.24117340680968,-388.7747435023826,-367.73778312114206,-109972.37669172933
2024-11-28,31772.0,31772.0,30751.0,31131.0,248057,30585.640401235436,30787.538385932326,31085.268300918364,35662.78918581355,140.65471888790944,-1368.8730862351804,-1509.5278051230898,42.68299670263898,42.32764212564972,-722522.0,322799.4,-170.70340043427012,-369.49188390194604,-358.6289010109749,-102787.40150375945
2024-11-29,30771.0,31211.0,30430.0,30891.0,241748,30483.212886778405,30642.185912188805,30924.189417100355,35506.337081360645,129.32098305746104,-1347.8765763012634,-1477.1975593587244,35.45964528202897,37.955686935062815,-964270.0,307752.4,-173.85637658174764,-351.28808687879695,-349.3113054558756,-102162.50902255642
2024-12-02,31271.0,31812.0,30831.0,30891.0,275834,30416.43883291038,30525.45805125872,30815.262580260187,35355.01455410292,128.90532556171638,-1316.065902406579,-1444.9712279682954,34.278365760151345,37.94474574725986,-964270.0,268643.4,-175.69387243152673,-326.08212364929165,-334.2297762947165,-91543.66315789479
2024-12-03,30911.0,31852.0,30711.0,31491.0,355425,30533.802804334402,30542.064423138996,30943.195438895775,35228.32555232905,173.35149447937283,-1228.2818598690792,-1401.633354348452,73.13547100298914,60.217317316460864,-608845.0,285710.4,-175.69079464688636,-290.81222789575776,-311.08748347757785,-69341.82255639102
2024-12-04,30490.0,31832.0,30310.0,31652.0,351913,30686.809189729647,30593.471775874204,31100.16882562221,35111.06897684285,215.17518791919974,-1132.6643694494524,-1347.839557368652,87.89946635785765,67.73480028096455,-256932.0,294595.4,-174.19423956540328,-249.7725719985744,-282.65063887901954,-44556.76691729325
2024-12-05,31552.0,32813.0,30771.0,32352.0,467108,31007.049927458058,30772.138821756096,31454.89749522843,35020.607698913576,287.0699904338094,-989.0020693263905,-1276.0720597601999,103.58366995404086,84.53901202163743,210176.0,338405.6,-170.5129542548644,-198.38552066181384,-245.6289015493968,-7367.052631578962
2024-12-06,32412.0,32412.0,30831.0,31872.0,383162,31155.935866474632,30845.649588822627,31563.33908413083,34917.37465960493,298.08480331262876,-903.466055619414,-1201.5508589320427,67.45150697463725,63.83960218863611,-172986.0,366688.4,-164.87518205816926,-140.02919314286012,-202.16397307120576,20542.620300751885
2024-12-09,31131.0,31431.0,30430.0,30651.0,341723,30970.31223493679,30693.637771488662,31242.49951689588,34777.49352322444,222.3955189849055,-923.5564602009108,-1145.9519791858163,25.516768262946513,32.50670409144858,-514709.0,379866.2,-158.662314015833,-86.68194814336468,-160.53243769028194,38554.296240601514
2024-12-10,31091.0,31772.0,30771.0,31191.0,365200,30967.025017903972,30666.774240550993,31186.681310171796,34659.903571643306,208.20556522984816,-885.695022648506,-1093.9005878783541,45.87317216450374,47.62701195866201,-149509.0,381821.2,-151.94731641590636,-38.14530694064945,-120.86847224784054,55440.99323308272
2024-12-11,31071.0,33213.0,31071.0,33113.0,483472,31471.26582702019,30998.200926195655,31784.830070623546,34609.18542175336,321.02753005853197,-692.6161753051892,-1013.6437053637212,79.21359606319922,75.50112604351143,333963.0,408133.0,-144.62783087829666,7.152947747278148,-82.32222226874659,69804.17669172937
2024-12-12,33774.0,34715.0,33473.0,34214.0,1005015,32176.005261963943,31488.414599240874,32593.117089748317,34596.22852267948,454.41780232747055,-445.62145245438296,-900.0392547818535,87.6876414497798,83.64719931952972,1338978.0,515714.4,-136.85497213139365,48.556124005813025,-45.53886042036357,79037.57293233089
2024-12-13,34855.0,35235.0,34254.0,34555.0,466439,32843.979933470546,31976.28189532332,33300.511967352555,34594.87676783752,544.1702181441199,-219.82648210170373,-763.9967002458236,91.46308844801516,86.99504708164895,1805417.0,532369.8,-128.14928710896655,90.50660680059175,-7.605410704748441,100106.4112781955
2024-12-16,35135.0,35616.0,33674.0,35355.0,578132,33596.92065892826,32544.161637510333,34079.990787323906,34619.79884102318,629.9183346871304,23.40121811308927,-606.5171165740411,96.32836811917757,91.82623469384603,2383549.0,579651.6,-118.75112238925989,131.09011544000256,30.09340094496843,117943.437593985
2024-12-17,35916.0,38158.0,35636.0,37778.0,1248187,34836.460972721085,33474.066264221154,35444.931458963445,34723.34642000602,810.8019331323055,406.98529984134075,-403.8166332909648,99.89259072888882,97.04128666418114,3631736.0,756249.0,-107.70384042752585,178.1580235098713,72.94731386391656,154692.11879699252
2024-12-18,37618.0,38979.0,37057.0,38879.0,645035,36126.20875596142,34474.046548089005,36799.74524877294,34859.597357055005,955.6174582457961,790.7051895162804,-164.91226872951577,101.39374874860357,98.99453811216702,4276771.0,788561.6,-94.80108909587116,232.44499957019352,121.61480828026264,196472.27894736844
2024-12-19,37357.0,38438.0,37037.0,38018.0,513027,36941.83137842517,35176.38826301856,37490.79430645457,34963.151542069594,942.8464427277846,1013.645784680215,70.79934195243038,78.96027817232266,82.05660016019469,3763744.0,690164.0,-80.88997240666819,286.2450864225284,170.86301265867115,227338.06917293233
2024-12-20,37998.0,38739.0,36917.0,38098.0,428012,37608.569855797105,35791.607777842815,37997.271963036335,35065.93345872305,889.8761981283587,1183.144589612879,293.2683914845201,79.51141207517684,83.24371087912515,4191756.0,682478.6,-65.99403592692303,339.53874140526995,220.58852566032917,262633.09624060156
2024-12-23,38438.0,39620.0,37758.0,38919.0,485225,38342.70179060441,36465.07674324006,38611.053800482434,35192.26350925672,859.7473243101603,1367.9525468722204,508.20522256206016,86.13935907607231,87.88142839557977,4676981.0,663897.2,-49.26335509904528,399.22737280118855,275.5335405802355,305445.5593984963
2024-12-24,39099.0,40541.0,38919.0,40040.0,555105,39207.269204691474,37241.98828413676,39402.69110321965,35351.20568928109,862.7001456221019,1586.5804045896875,723.8802589675856,92.25012192413946,92.34063162306572,5232086.0,525280.8,-30.899438858894353,462.8576283912801,334.1134317667185,345045.51804511284
2024-12-26,40340.0,40340.0,38098.0,39019.0,463022,39620.13085147672,37718.1268626564,39616.177525606734,35471.4612404522,747.5694367345927,1658.3420548858267,910.7726181512339,59.799625734583074,69.39223792836495,4769064.0,488878.2,-12.22234644715298,519.5039004293525,388.7336007237493,365056.91127819556
2024-12-27,38198.0,39239.0,38098.0,38438.0,379980,39775.5073181112,38014.29357330258,39547.282402556535,35568.72480633901,590.83751089627,1649.3195067715715,1058.4819958753014,43.20560263057328,57.98374940903674,4389084.0,462268.8,5.93736563899854,563.7730313800388,435.3315905375494,367838.3233082708
2024-12-30,38118.0,38839.0,37878.0,38358.0,201364,39850.20418693497,38246.06456706688,39438.04575315743,35660.17645203281,446.87290613351934,1617.0731285422007,1170.2002224086814,35.38166529624405,55.43832667377393,4187720.0,416939.2,23.074683615089455,593.6726351655387,472.0782544552353,356239.40751879703
2025-01-02,38038.0,40240.0,38038.0,39640.0,552053,40213.17408718933,38669.368581762224,39753.01805386852,35790.66246999894,404.35861772220915,1675.648494561443,1271.2898768392338,67.18027626860545,71.8047853673983,4739773.0,430304.8,39.45544710065432,613.6174948708062,501.5946431021873,344779.6097744362
2025-01-03,39640.0,41942.0,39039.0,41842.0,715819,41051.191005414206,39424.142447925435,40688.06503024973,35989.066979179304,485.4507270599245,1878.1032856641395,1392.652558604215,86.36672573271164,85.11474882553041,5455592.0,462447.6,56.01509840981503,632.6552074615034,529.909239422508,340580.2631578948
2025-01-06,42643.0,43143.0,41642.0,41842.0,484755,41705.35844469676,40063.926565597125,41352.152178728065,36180.966422484904,498.13301335297,2015.3188252954278,1517.1858119424578,87.40507731845489,85.895819852548,5455592.0,466794.2,72.32077865423727,647.6384381255144,554.8187955876614,332817.98345864663
2025-01-07,42543.0,42743.0,40641.0,40641.0,420290,41895.30863321875,40385.90924182635,41415.87490857791,36327.19703158376,389.4921613317738,2004.0510136071753,1614.5588522754015,50.96749878967809,60.239405914551675,5035302.0,474856.2,87.67826329345407,653.8224286122914,572.9078774914839,317836.6887218046
2025-01-08,40000.0,41341.0,39920.0,40941.0,364510,42094.225149726524,40706.21787935797,41532.09012745003,36478.46926005642,305.4060315869069,1996.3163917590355,1690.9103601721285,54.64342273029114,63.217488638652945,5399812.0,507485.4,101.6019884215129,648.8255928746147,582.2766957722661,294756.9248120301
2025-01-09,40741.0,41041.0,40040.0,41041.0,297547,42249.48870700322,40988.69077421395,41623.40477388674,36628.06043185785,227.65864504098454,1975.4836664733593,1747.8250214323748,54.12254871619152,64.07835152935563,5697359.0,456584.2,113.10657009042443,626.6673531966812,578.4527322915299,262152.0586466165
2025-01-10,40541.0,41141.0,39820.0,39820.0,276359,42027.3450991207,40998.89928202835,41261.643346331584,36732.71418819038,73.13789239870061,1839.2473869307505,1766.10949453205,19.616991634514577,38.256357501138744,5421000.0,368692.2,121.46671459380757,584.322562352138,558.8691609110431,222024.06691729318
2025-01-13,39239.0,40340.0,39139.0,39620.0,230639,41763.13447739956,40960.281763191364,40905.69913957709,36827.3792967743,-56.411546871787095,1695.5950609423162,1752.0066078141033,8.563518038871663,32.8355786333925,5190361.0,317869.0,127.26139645231255,529.5329707679762,528.4299334836996,177858.2954887218
2025-01-14,39680.0,39840.0,38038.0,38418.0,445365,41207.66664619647,40698.46305264053,40227.56461639178,36879.53079524071,-227.3349808378034,1467.837881766849,1695.1728626046524,-3.0698124646259686,17.671310505322154,4744996.0,322884.0,130.2608872132742,462.4590950035126,487.0100819657488,135895.97067669168
2025-01-15,38599.0,39139.0,38138.0,39099.0,252348,40905.98716130129,40586.99274261917,39938.910444130815,36952.30027736396,-294.5439409102946,1326.9929364667842,1621.5368773770788,24.199420714480055,33.79780262747455,4997344.0,300451.6,130.84506125509242,388.04103511887405,437.85126835796825,99781.61203007512
2025-01-16,39640.0,40020.0,39239.0,39459.0,271873,40732.49563974385,40547.55339366636,39836.921768679065,37034.48715351596,-313.0376181490574,1230.239854690757,1543.2774728398144,36.142298888405215,41.111851326578964,5269217.0,295316.8,129.45184218768762,310.9097435570624,384.14712036013617,71879.6631578947
2025-01-17,39720.0,41842.0,39560.0,41842.0,696908,41191.13923043169,40937.68532439964,40543.923671271565,37192.11052553183,-170.21142080339496,1330.5131968355709,1500.7246176389658,79.76558161079711,73.2415557674643,5966125.0,379426.6,128.31423710671567,249.17200451486445,338.6638147176024,69302.40827067671
2025-01-20,41742.0,41742.0,40741.0,40841.0,195160,41289.86507288978,41083.660121898756,40729.20845990714,37311.7462460062,-149.3312647282312,1314.060536728677,1463.3918014569083,57.35153681637864,56.54152033148853,5770965.0,372330.8,127.32461710543598,199.65316617892822,299.8315383933793,70611.55714285714
2025-01-21,41842.0,43844.0,41642.0,43744.0,739505,42106.18145044008,41727.574546863805,41816.60708833568,37522.63981171092,43.50541858480824,1517.7735746879189,1474.2681561031106,81.3563827273468,76.91892337188094,6510470.0,431158.8,127.29538646941364,166.90934559587905,271.34837706181474,72137.72857142842
2025-01-22,44244.0,44745.0,43343.0,43944.0,516573,42807.48944482356,42309.24985122872,42674.36626642964,37733.17621132695,161.41400128388386,1676.0356577079656,1514.6216564240817,83.79511678343091,78.43060455240683,7027043.0,484003.8,128.0478365124482,146.94572033167552,251.03744732916195,83671.18345864641
2025-01-23,44444.0,44645.0,42543.0,42943.0,440285,43100.32523292541,42618.64619016483,42959.63096361884,37903.99010603754,149.16522997225434,1701.0781938893997,1551.9129639171454,62.01655303490652,62.72084076910808,6586758.0,517686.2,129.22427870247472,134.93909614028365,235.97922027798103,92312.71052631571
2025-01-24,43343.0,45045.0,43143.0,43143.0,374461,43369.02618561627,42911.13937292056,43216.15920012999,38075.76092223303,132.28348807886255,1717.2673240157237,1584.9838359368612,64.66084782843816,64.5619913834013,6961219.0,453196.8,131.2864187080393,133.26780045438602,228.11300370600367,112196.65112781948
2025-01-31,41041.0,43644.0,40040.0,42943.0,437053,43514.15922227171,43116.39443297302,43319.35052539349,38235.34253134014,87.5542924315705,1694.4267014763245,1606.872409044754,57.80014710132423,60.43907907155899,6524166.0,501575.4,133.42999230888495,133.9304207963817,222.17194060194848,115925.90375939834
2025-02-03,40841.0,42242.0,40841.0,41742.0,420824,43298.8587197288,43064.97379566473,42978.96288278827,38350.31490736177,-36.3654048108408,1561.415653031203,1597.7810578420438,27.124765280240666,39.52015677646394,6103342.0,437839.2,134.5955564708258,128.1149505439542,212.0549178543464,105004.44962406001
2025-02-04,42943.0,42943.0,40440.0,40541.0,347348,42790.14567032065,42793.012922079804,42313.18395235707,38422.140648104,-203.34121486755112,1343.6045392576052,1546.9457541251563,11.240471321283508,25.832269276859677,5755994.0,403994.2,134.04833373925607,110.91330247446683,194.11727392344542,83363.61804511264
2025-02-05,40541.0,41642.0,40040.0,40641.0,209211,42381.97386433641,42568.10152286783,41841.9704881062,38494.89013505141,-305.0603780359688,1165.6202815801953,1470.6806596161641,8.985072697984393,25.890317571907303,5965205.0,357779.4,132.44736532132757,89.19076765675906,172.81284128092705,71069.834586466
2025-02-06,41341.0,43544.0,41241.0,43243.0,625534,42708.64895868072,42838.52913917852,42346.993855405824,38650.56586832841,-200.1785633691893,1220.4574554046776,1420.636018773867,69.6099781644351,64.65986068553786,6590739.0,407994.0,132.13653095975087,82.10551293000792,161.42638609488867,77171.9015037592
2025-02-07,43644.0,43944.0,42342.0,43143.0,385365,42937.209635080806,43045.427671902886,42681.62953581612,38797.8587906783,-143.28041655264587,1241.5354980830598,1384.8159146357057,68.5938975453394,63.305590297823855,6205374.0,397656.4,132.95761844461518,86.12195231604043,157.96306264596475,76061.7661654134
2025-02-10,42042.0,45646.0,41842.0,45345.0,586174,43681.971932321976,43615.134383072684,43648.827651270425,39012.51915819704,27.794629137876427,1419.5592010580513,1391.7645719201748,87.34066102569943,79.55621045692294,6791548.0,430726.4,135.21901046898705,101.92465878912344,163.23888318232665,75561.89548872181
2025-02-11,45846.0,47247.0,44645.0,45546.0,765879,44328.62789544605,44133.64591413845,44418.80894669784,39226.73164481353,133.70301160407303,1558.8933364252662,1425.1903248211931,91.15556986205675,81.60301532561058,7557427.0,514432.6,138.89101135832988,127.41938296732798,176.12353845246162,89117.60300751867
2025-02-12,45546.0,46647.0,44645.0,46046.0,346294,44969.86876558128,44661.609812229595,45136.80274126667,39450.31421383604,211.99104490783338,1690.1791309559849,1478.1880860481515,96.6897672452113,85.40163415835154,7903721.0,541849.2,143.98628942793403,161.16621672744327,195.85660634376003,109073.94436090208
2025-02-13,46446.0,47047.0,45445.0,46146.0,452358,45500.68247684736,45124.495363163805,45680.55717428326,39669.84489534961,242.8529543812524,1781.754279024717,1538.9013246434647,102.76801272337836,87.6674026377075,8356079.0,507214.0,149.62615717256256,194.89777577430047,216.84032540484907,127811.14210526312
2025-02-14,46146.0,46346.0,44645.0,45045.0,418397,45627.789096184126,45312.948203151536,45695.977673268484,39846.079488944706,165.17273069087923,1745.3672380070639,1580.1945073161846,51.32795683310333,58.23109089198457,7937682.0,513820.4,154.86163630384644,221.05033328416667,233.70257371550193,132515.91879699234
2025-02-17,45045.0,46146.0,44444.0,45445.0,349830,45813.40771007052,45537.34657599272,45817.01196851418,40029.6506532416,118.94637775638216,1728.8774795116624,1609.9311017552802,60.58834284244795,63.905502136151455,8287512.0,466551.6,159.00360656677825,235.2725298699787,243.09117035885808,131054.87819548859
2025-02-18,45345.0,46847.0,45045.0,46747.0,347562,46281.45635484538,45956.390626540786,46316.15023331455,40249.8916154304,152.15039336344535,1800.119093459587,1647.9687000961417,82.46882158177928,78.19421756065691,8635074.0,382888.2,162.70384576969144,244.49184896720018,249.4295364783495,133216.3593984962
2025-02-19,46046.0,47147.0,45846.0,46046.0,337353,46460.823264479164,46179.42314296185,46432.79154336059,40439.9279559081,105.22565363511717,1779.500767140038,1674.275113504921,57.42694102904778,61.6089849554069,8297721.0,381100.0,165.45779338774463,245.45080035257652,250.25707230922862,129380.97293233075
2025-02-20,45445.0,46046.0,44645.0,45245.0,328816,46377.653385631995,46215.47993628647,46233.29385691667,40597.471301616024,3.9160378791837047,1679.1701608539006,1675.254122974717,35.05110722028827,45.6477143488006,7968905.0,356391.6,167.83018670203816,243.84932501380305,249.29070597467648,127297.88421052622
2025-02-21,45245.0,45846.0,44044.0,45546.0,274481,46366.59181389332,46290.79645022079,46166.579079812356,40759.71814418599,-55.85200701199528,1605.439114209723,1661.2911212217182,42.15386877097074,50.43227636424316,8243386.0,327608.4,169.2885338408596,235.84938690674525,243.7686218118996,123042.77969924812
2025-02-24,44645.0,45045.0,43844.0,45045.0,258921,46208.16696333775,46254.81022738499,45935.78392886443,40900.219188638905,-137.50392876398064,1489.4112102667423,1626.915139030723,24.900619979643494,38.9817894945824,7984465.0,309426.6,170.89901701580447,230.84126705983587,240.06923842637136,123047.27218045095
2025-02-25,44044.0,44444.0,43043.0,43744.0,313996,45723.37154800723,45978.3697118447,45321.75464835004,40993.4579037655,-279.3326436958273,1277.749334410939,1557.0819781067662,6.406712913187604,20.994267630530445,7670469.0,302713.4,172.0866740444993,223.81238327681578,234.79717852607246,124505.9894736842
2025-02-26,43644.0,44545.0,43343.0,43844.0,205165,45337.71953423621,45749.951333256446,44891.61092673793,41086.91830036335,-361.3989085703133,1105.3333423938748,1466.732250964188,4.895866059512542,21.166774881632634,7875634.0,276275.8,172.4038618547006,211.51312286381435,225.6297308086687,120976.20902255629
2025-02-27,44344.0,45646.0,43644.0,43944.0,334580,45036.582012450155,45563.82244435988,44602.08956179965,41180.5931101875,-400.8814771109951,965.6304045754441,1366.5118816864392,3.6531177398272945,21.688715475757633,8210214.0,277428.6,171.98507382889738,195.79004176656596,213.7128828376206,126200.52556390953
2025-02-28,42442.0,42943.0,41341.0,41742.0,485784,44210.253766073525,44997.310383885735,43658.58882785584,41198.99989346004,-557.5982404201216,669.5140811612873,1227.1123215814089,-2.840888554338534,6.261030836132349,7724430.0,319689.2,169.6800288839332,168.04624295122576,192.9548777005671,115706.04586466153
2025-03-04,40541.0,41341.0,40020.0,40741.0,462033,43269.263415825764,44322.45302477754,42632.72176371641,41183.98350351052,-701.6638806860378,350.0324707238615,1051.6963514098993,-5.369373370153625,2.206677120317565,7262397.0,360311.6,164.51918977594312,122.41348451505043,158.91570330911236,90161.59699248096
2025-03-05,41141.0,41642.0,40741.0,41241.0,212308,42628.947533225124,43828.23688251639,42048.737307103525,41185.85289683804,-732.8583358951281,135.62343154098926,868.4817674361174,12.360595901051013,14.54056109066505,7474705.0,339974.0,156.25799114653213,59.645549237390455,111.6312330481288,60422.737593984915
2025-03-06,41642.0,41742.0,37898.0,38058.0,967228,41283.93141756321,42822.79249501902,40578.87209872288,41083.30034284335,-925.0421775513263,-287.8209545030404,637.2212230482859,3.168860283982326,5.289390631744965,6507477.0,492386.6,143.5244738724074,-28.539316753845576,44.87531115799192,17585.139097744293
2025-03-07,37978.0,39920.0,37598.0,39740.0,489361,40629.18843151886,42261.64829123981,40067.611187369796,41039.25770865176,-895.47516048914,-482.12272756313905,413.3524329260009,34.23834867537096,30.484443747954202,6996838.0,523342.8,128.72746782654747,-119.2684345195672,-26.010040712281288,-9200.181954887308
2025-03-10,39359.0,39720.0,38739.0,38739.0,245804,39848.58163306778,41597.839559427455,39383.622934732775,40963.8394231222,-897.6507760979215,-708.7110371964009,188.9397389015206,27.114384557692063,24.774556468526953,6751034.0,475346.8,111.58671761801087,-214.41321688066034,-102.24406553093513,-46192.37443609031
2025-03-11,37698.0,38879.0,37077.0,38559.0,479426,39181.12165051912,40995.86606640712,38844.932519835835,40884.992228921474,-865.1677798535204,-892.51998591538,-27.352206061859505,25.667015410964368,23.162283130949845,6271608.0,478825.4,93.4518394118726,-302.6891837698256,-175.9055183254304,-81598.67218045118
2025-03-12,39680.0,42943.0,39540.0,42342.0,863017,39637.21890724827,41167.24952389925,39725.44777862927,40932.762975514204,-557.78295540204,-724.5809003144095,-166.79794491236953,72.72857706292373,62.84737025480679,7134625.0,608967.2,76.56595388450154,-367.4709223378891,-234.99286248980442,-91801.4646616543
2025-03-13,42843.0,43544.0,41341.0,41542.0,527987,39823.896058196246,41173.07362834157,40136.91839720572,40952.73795992357,-385.41366428396793,-648.5650252673295,-263.15136098336154,63.68346469356865,55.856615433442684,6606638.0,521119.0,60.93021571942422,-412.4062382614041,-281.1999866355343,-103443.33609022574
2025-03-14,41742.0,44044.0,41742.0,43443.0,510659,40487.92322732342,41526.040084555425,41087.24440146911,41034.385895663785,-133.4554311673116,-429.97064994250104,-296.51521877518945,78.4495399353373,68.59578533595335,7117297.0,525378.6,47.66786672628059,-431.73587782043006,-309.8100945365602,-98697.08345864681
2025-03-17,43844.0,44645.0,43343.0,44044.0,447393,41202.388791543846,41941.388679464675,41999.96695303488,41133.061767937106,72.52075093874106,-205.86428010176314,-278.3850310405042,84.6563174539347,72.83080769343789,7564690.0,565696.4,36.54588317528899,-431.3139360070412,-324.0998689787604,-92302.94060150404
2025-03-18,43644.0,44044.0,42142.0,42543.0,375230,41408.58397118983,42028.1716455517,42182.33603456122,41179.28925095556,104.56864366064042,-147.67422646470368,-252.2428701253441,58.46715556402603,55.73465391545717,7189460.0,544857.2,27.047472608960742,-418.3607912506714,-328.5367402384877,-85184.70451127844
2025-03-19,42042.0,43443.0,41942.0,42342.0,349091,41532.990002583785,42067.418729849225,42249.89431113468,41217.41091485865,108.646280526346,-116.43501946741162,-225.08129999375763,55.81627122298614,53.81883073735221,6840369.0,442072.0,19.842366271726714,-389.61638061872264,-320.51949907411887,-75914.4556390979
2025-03-20,42843.0,42943.0,41141.0,41441.0,452373,41407.66970730784,41938.58998271094,42000.31284962982,41224.741704535416,50.058954910260695,-162.50760635593178,-212.56656126619248,38.81637605795138,43.37435324949586,6387996.0,426949.2,14.28764305857714,-352.6895999141486,-304.973024494265,-75734.50000000017
2025-03-21,41642.0,42943.0,41441.0,42242.0,377557,41519.09893771999,41973.92436446204,42079.541363841294,41258.09443553425,63.76925858594049,-132.85498803376686,-196.62424661970735,56.485198667127804,53.91440700090865,6765553.0,400328.8,10.51674289173561,-307.8854545205656,-281.97526252073465,-72480.93759398515
2025-03-24,42142.0,42342.0,41041.0,41241.0,171159,41356.68980368073,41823.69310449444,41807.040076202975,41257.53396223804,6.930825651041317,-187.96071455590572,-194.89154020694704,35.33083740226347,41.147622965886455,6594394.0,345082.0,8.306209968130945,-258.26999909497874,-253.55617423375665,-65529.04135338362
2025-03-25,41241.0,41642.0,40020.0,40240.0,257677,40969.997082062604,41513.842180988155,41275.00069931442,41224.17219298433,-91.16242081332595,-308.8445662236045,-217.68214541027854,19.61648268425691,30.568195420549245,6336717.0,321571.4,7.0889226697806516,-209.14648318216337,-223.41428258942219,-63866.784210526275
2025-03-26,40641.0,40741.0,39499.0,40440.0,282832,40712.40752192181,41284.92709683913,40950.74291150259,41198.46162927993,-133.11838324604665,-384.08012446783687,-250.96174122179022,23.20705948647243,33.53858930107519,6619549.0,308319.6,6.489384468109068,-163.48053539120218,-193.77818142056506,-60644.084962406014
2025-03-27,39660.0,40340.0,39239.0,39640.0,313941,40302.494288375405,40944.75010417436,40452.33090771111,41147.36452668059,-201.2034428231492,-502.4660447507267,-301.2626019275775,8.692189534590625,23.997517852646425,6305608.0,280633.2,6.327301851503354,-122.22444900956242,-165.55054910958296,-57086.478947368676
2025-03-28,39359.0,39399.0,38719.0,39039.0,217178,39820.86628244172,40545.42381218191,39893.15160243876,41078.23782088778,-268.93828451217274,-637.4354575677935,-368.49717305562075,-1.4470247668949696,17.198569813451087,6088430.0,248557.4,6.565874230092781,-85.03179840125546,-138.74058879598567,-48987.63233082712
2025-03-31,38639.0,38639.0,37317.0,37658.0,425180,39080.100133255284,39954.35241386444,39034.059617836974,40966.09887594064,-382.0676571126911,-846.0817444464847,-464.01408733379355,-6.325719462804486,8.50986638328314,5663250.0,299361.6,5.647012829231071,-63.625627904550015,-121.77296876331364,-51442.40676691754
2025-04-01,38078.0,38679.0,37598.0,38458.0,275060,38695.544057016836,39594.8009752067,38677.938219290765,40883.8661259098,-377.66187933996673,-936.0914365087519,-558.4295571687852,25.776667147240758,27.815854923506507,5938310.0,302838.2,3.666524056572345,-54.85634127107661,-113.01404492291834,-54163.49172932353
2025-04-02,38939.0,38939.0,37738.0,38619.0,188956,38439.05425568243,39319.3695165757,38485.49535846922,40809.60822014227,-339.7370238619144,-983.1008369961783,-643.3638131342639,31.516275474253973,31.0229561254461,6127266.0,284063.0,1.1060291226330508,-52.983671962677455,-108.88401777600446,-48841.86541353386
2025-04-03,37437.0,38919.0,37437.0,38599.0,257208,38241.263486702635,39083.92227251198,38354.471778631036,40737.12926210482,-293.56781119450113,-1010.3235771273903,-716.7557659328892,29.587457679504467,29.57394493920846,5870058.0,272716.4,-3.5433488813878165,-68.87309023655843,-117.21270870636448,-60440.436090225754
2025-04-04,37558.0,39099.0,36757.0,37417.0,374620,37790.402118058264,38672.366389979,37884.10155481766,40628.272564986626,-318.1384865113296,-1114.4288740720513,-796.2903875607217,6.869770605593629,14.785845411785957,5495438.0,304204.8,-9.922674555928786,-96.96599185589201,-134.6585797889609,-68705.44360902261
2025-04-07,34795.0,36516.0,34314.0,34735.0,488222,36744.10319655308,37837.5520154794,36667.172675907306,40435.05051367559,-480.7609115190228,-1397.2415269595003,-916.4806154404775,-0.02683094096768457,4.815908494267575,5007216.0,316813.2,-19.635107511446073,-148.06253982796997,-169.11414461669546,-85568.42255639107
2025-04-08,35916.0,36376.0,35035.0,35215.0,275345,36033.50447425216,37213.11165888922,35947.33854454063,40263.90131650589,-518.4993581296542,-1564.6048131025454,-1046.1054549728913,13.63982132534231,14.759550183024686,5282561.0,316870.2,-32.24231340346671,-215.1809513220106,-216.34056285852168,-103445.50300751899
2025-04-09,34875.0,35495.0,34474.0,34494.0,423032,35289.66948470264,36553.03135193998,35202.90946339299,40074.72422416144,-551.4478840807651,-1735.4153100738476,-1183.9674259930825,8.738957512854967,10.65663904984011,4859529.0,363685.4,-45.86380294305323,-280.9907824082273,-264.60229268656224,-112252.02481203021
2025-04-25,39900.0,40600.0,36050.0,38400.0,2000130,35721.205421035644,36702.58891153989,35972.37728631423,40019.81523320532,-283.12577262487684,-1537.8746417741786,-1254.7488691493018,70.86818959304776,62.461495032474105,6859659.0,712269.8,-58.66402831186224,-331.1506121370568,-303.6968524622681,-97400.70075187997
2025-04-28,37900.0,37900.0,36050.0,36050.0,541408,35491.51266244213,36414.108012150806,35790.868067399875,39889.65735670678,-238.6369546252447,-1553.0450624308578,-1314.408107805613,46.41219089980103,43.67668278381802,6318251.0,745627.4,-70.63158266525264,-367.93766787136326,-334.61687996301254,-82601.2225563912
2025-04-29,36450.0,36650.0,35750.0,36000.0,338995,35315.08712890285,36165.58638691709,35661.39931532002,39762.12760730656,-189.45015727480495,-1551.2208043991195,-1361.7706471243146,46.745530447848935,43.57608034331915,5979256.0,715782.0,-81.14155419379279,-388.45065380029797,-354.8419647882176,-64378.85714285725
2025-04-30,36200.0,36650.0,35650.0,36100.0,359204,35220.83151497607,35978.786721935154,35618.981413008056,39642.05784968995,-129.89276587381005,-1524.1366044665774,-1394.2438385927674,49.571355468502844,45.12342023315788,6338460.0,732553.8,-90.57534521862326,-398.20134992980223,-367.67994191547956,-44565.5789473686
2025-05-02,36300.0,37350.0,35950.0,36750.0,321657,35335.79533214625,35944.88688985756,35821.36343169152,39547.23628084765,-31.56161691712896,-1433.6958597391786,-1402.1342428220496,63.32918305035013,54.22621644710354,6660117.0,712278.8,-98.45018290774348,-395.0405091435708,-371.28569211942914,-24389.464661654096
2025-05-07,36900.0,37050.0,36300.0,36850.0,227339,35477.91801492323,35942.57988999488,36020.598884473286,39458.80230442641,50.88971099960986,-1338.5221040725373,-1389.4118150721472,69.94636349181812,56.851579154973486,6887456.0,357720.6,-104.96107300346104,-382.5089960920417,-367.75172278000235,-7837.3263157895835
2025-05-08,37250.0,37500.0,36750.0,37250.0,280170,35718.07744988056,36021.484319676485,36313.62100131155,39386.3825567403,138.09495107801013,-1216.7931262246348,-1354.888077302645,85.05391519671312,64.71427818400221,7167626.0,305473.0,-109.3243608847727,-355.8703052302766,-353.5160794810618,17927.59924812031
2025-05-09,37500.0,37500.0,36200.0,36450.0,288693,35725.00201138538,35952.0933034324,36276.268170391326,39290.10771881439,146.81246550758806,-1171.3724954181598,-1318.1849609257479,49.81078429196342,47.9597881856022,6878933.0,295412.6,-112.25724884294456,-322.97370622607207,-333.6927712786509,36261.20751879681
2025-05-12,36950.0,38450.0,36450.0,38100.0,317210,36174.69817319069,36199.12611504726,36802.46112918386,39251.08779360736,261.8970685962822,-990.8136251803953,-1252.7106937766775,83.21710149048621,71.92904952242887,7196143.0,287013.8,-113.31579337736801,-281.2898474437378,-306.4033325279869,54629.924812029894
2025-05-13,39150.0,40850.0,38300.0,40400.0,663918,37153.16493502726,36835.820764781434,37957.930427906664,39288.75704627597,478.5021422071827,-654.5830160176993,-1133.085158224882,95.7600946337415,86.12360197461611,7860061.0,355466.0,-111.27511779023938,-222.48411984209537,-265.6406503865728,85656.58345864652
2025-05-14,41050.0,41300.0,39600.0,39950.0,508285,37846.47826530579,37307.71075456584,38663.39564679032,39310.43714311938,570.7943054097665,-419.5922764626739,-990.3865818724404,86.01656647001097,79.19820329438164,7351776.0,411655.2,-106.8597866757059,-154.89398581593417,-216.81751288872252,102599.63308270664
2025-05-15,40000.0,41450.0,38900.0,39000.0,438941,38171.595811206265,37545.62785954067,38864.13201160365,39300.258876131855,547.1216494183665,-306.4845200994823,-853.6061695178488,61.64075475815738,62.81152806220962,6912835.0,443409.4,-100.91903685988814,-86.57071096748976,-165.43147947967068,108269.78571428568
2025-05-16,39350.0,40800.0,39300.0,40300.0,380985,38775.81330394066,37989.404647426716,39432.75281741741,39333.037273635724,594.3481937917344,-110.6709272781809,-705.0191210699153,77.28356128909985,74.37927576654896,7293820.0,461867.8,-93.60698659429723,-18.831959298358683,-112.52751260411594,111429.50601503745
2025-05-19,39500.0,39600.0,38350.0,38850.0,285829,38892.52887470305,38110.59694184205,39362.73028850208,39317.19998597553,506.6840746572499,-71.66402774835296,-578.3481024056028,47.58867730780319,52.9707613968985,7007991.0,455591.6,-85.36386340508454,44.9597938009272,-60.614546544382826,112397.02255639092
2025-05-20,39500.0,40500.0,39050.0,39400.0,270615,39126.957350280936,38316.28408587055,39480.72412324465,39319.914740533706,465.54909102311444,3.588261373290152,-461.9608296498243,56.06650031704566,59.176958437285265,7278606.0,376931.0,-75.89856232462742,107.7544683833592,-7.880224716215734,118605.4406015038
2025-05-21,39400.0,40250.0,38850.0,39900.0,216524,39443.87713728206,38585.19093995401,39722.33242176671,39338.933929368664,451.4820681756637,102.39175556975533,-349.09031260590837,64.71342367972129,65.19088681925075,7495130.0,318578.8,-65.06582257627925,170.9191156088352,46.486434678612696,122114.54135338342
2025-05-22,40250.0,40300.0,39400.0,39950.0,204597,39710.23692193156,38826.31250585947,39906.472442371836,39358.968882504116,425.3711676613217,182.62364697074372,-242.74752069057794,66.74642043107843,66.81648535896055,7699727.0,271710.0,-53.56310979367354,228.96159731976277,98.54940902391158,120187.68646616535
2025-05-23,39950.0,40150.0,39200.0,39450.0,151983,39791.19190572993,38943.182427103086,39865.889400219174,39361.953509307255,357.0109524706885,203.51616989778267,-153.49478257290585,43.93698330352293,54.5911990028957,7547744.0,225909.6,-43.15990663761277,268.753099882429,138.8691761567122,105066.15714285702
2025-05-26,39950.0,41200.0,39500.0,40800.0,326215,40199.56008027872,39288.34639957595,40271.254821580806,39409.10257457587,383.0022186724956,325.25799076771364,-57.74422790478195,77.5307973593216,74.12485176105717,7873959.0,233986.8,-33.171821445252895,298.57636539979836,172.59767048149934,95132.05187969918
2025-05-27,40850.0,40900.0,39500.0,40100.0,197504,40343.23283376298,39457.622609245795,40328.68936574583,39431.75494917993,335.06951004034426,361.0926596456484,26.02314960530412,52.844960147065166,58.30079528522131,7676455.0,219364.6,-24.5617259806372,312.4425905589783,195.20142199156587,71800.16917293219
2025-05-28,40700.0,41350.0,40150.0,40300.0,305305,40502.58439886867,39638.29884791661,40425.69300718702,39460.222000026486,299.98760416413836,401.0076548104771,101.02005064633873,57.70127241761719,61.98598818222996,7981760.0,237120.8,-15.44507133860026,327.79964857671473,218.37989137511366,80174.80751879698
2025-05-29,41050.0,41300.0,40250.0,41000.0,203366,40804.09267754262,39919.18530317399,40717.87914708776,39510.70652461578,306.0244834477359,483.55065495600866,177.52617150827274,76.18625465890827,73.41503113844064,8185126.0,236874.6,-6.820839984468047,336.64719637540924,236.60146142780934,81218.75714285711
2025-05-30,40400.0,40600.0,39600.0,39600.0,312289,40676.539753665755,39904.95235336721,40459.99121934898,39513.63417954641,202.80277176149661,431.0296362101435,228.2268644486469,31.703561436694443,42.03513681625897,7872837.0,268935.8,0.40143826474468564,332.89805110028,245.42488504570528,69641.55187969917
2025-06-02,39100.0,41300.0,39050.0,40600.0,354996,40820.33542969276,40071.94123251978,40589.50454972719,39549.25273103669,189.21110926114466,464.74075102507777,275.5296417639331,56.122090616625165,58.46801764088945,8227833.0,274692.0,6.610389013120981,321.6525484586274,248.06128896914836,65959.869924812
2025-06-04,42100.0,44250.0,42100.0,43600.0,1013920,41705.463746229514,40757.6446802386,41668.28605023733,39682.064116904345,359.7143998191923,725.1726415379235,365.4582417187312,84.21508805264162,81.19394476897371,9241753.0,437975.2,13.359019177365111,316.4466475803881,253.80307636015596,79000.39172932315
2025-06-05,44650.0,47800.0,44500.0,47150.0,1080693,43337.82957368127,41988.72941018313,43627.85759850487,39926.914473727156,670.9466294277364,1204.1415285034018,533.1948990756654,93.24275372053995,90.38653139166937,10322446.0,593052.8,22.006437012792244,327.2258521395436,269.8581323910624,107186.78872180449
2025-06-09,48800.0,49300.0,47850.0,48300.0,515701,44953.3031773449,43251.91913777779,45436.23664822098,40201.44186803118,899.37810764815,1657.417533635853,758.039425987703,95.7025222030389,92.7932407710336,10838147.0,655519.8,32.72827699240408,353.05582623719096,296.1126612093647,141998.68120300744
2025-06-10,48850.0,49000.0,47500.0,48050.0,384332,46184.180953468676,44286.394909003546,46658.82967660216,40458.77164284983,972.5423294846405,1973.7173378435036,1001.1750083588631,91.8502033792613,89.91530079911414,10453815.0,669928.4,44.38047449271565,382.69154626192426,325.17693339305083,161242.22556390957
2025-06-11,48500.0,50000.0,48400.0,49650.0,469366,47573.91809857111,45457.59711711348,48052.17444182916,40760.12339226459,1060.3987110081769,2326.6733971190843,1266.2746861109074,95.75489410692471,93.43904383607551,10923181.0,692802.4,57.96420354299679,423.55303115184046,362.34039940144277,186823.81503759394
2025-06-12,49500.0,50200.0,48950.0,49000.0,550729,48504.88697899284,46336.448837429205,48822.854013862794,41030.2832810428,1006.8516701451304,2524.8392737923205,1517.98760364719,80.65394077729988,83.06895531452987,10372452.0,600164.2,73.73291078539451,476.02186256492826,408.18945061756733,209416.1947368419
2025-06-13,49000.0,49500.0,47600.0,47850.0,1060573,48926.5329699797,46871.41408841393,48964.45425584025,41253.880550516806,833.279077403789,2559.5864504019264,1726.3073729981375,54.94535800428112,65.16924798266011,9311879.0,596140.2,90.41934560988408,528.3910020055869,454.8450983817268,205053.94736842086
2025-06-16,47250.0,48600.0,46450.0,48200.0,556080,49319.02806837756,47381.70161506206,49138.10551680565,41481.62217181134,687.4030403071515,2585.561173382077,1898.1581330749254,57.445733089683024,67.61441537069435,9867959.0,604216.0,107.27605139908397,574.8389128177654,498.1656450504655,198757.52932330818
2025-06-17,49650.0,50300.0,47550.0,48400.0,857427,49648.97840486669,47843.123362589795,49289.45535210296,41708.45423175195,555.3943504816498,2592.401071176988,2037.0067206953381,58.028889117906324,69.22418972769995,10725386.0,698835.0,124.61052327482011,618.7776200407507,540.2938445294224,206281.8255639096
2025-06-18,48450.0,50400.0,48450.0,50200.0,530997,50343.203157878605,48552.42213222052,49956.41002359611,41986.86556841582,539.839964963991,2711.806676900327,2171.966711936336,82.07119401318806,82.01833148168863,11256383.0,711161.2,142.100181947184,658.1260769565068,579.6508239898684,211718.4541353382
2025-06-19,51300.0,51400.0,48750.0,50600.0,442132,50972.16234086094,49220.55629845138,50543.16777811313,42269.263418631694,507.51713405966893,2806.3631295109226,2298.8459954512537,86.03300058555871,84.72134514333926,11698515.0,689441.8,159.65242545785333,692.9421082312467,616.0982762339441,221355.56315789468
2025-06-20,50400.0,52100.0,49800.0,51600.0,711366,51702.24794531574,49961.404844518365,51268.41329053815,42575.18920818475,503.51244673462134,2928.2365538695303,2424.724107134909,93.12964434650151,89.71566100842708,12409881.0,619600.4,177.4402295781806,725.3795921605023,650.9777750087444,237927.3639097743
2025-06-23,50500.0,51200.0,49550.0,50400.0,522569,51943.413124186445,50365.03456277711,51368.17554958175,42831.74038168688,375.9204884033911,2894.624717639148,2518.704229235757,52.48605079703695,63.2285318450782,11887312.0,612898.2,194.3428425366663,747.0343334281878,678.3235066570807,242873.7691729322
2025-06-24,51600.0,52300.0,50100.0,51000.0,668284,52251.27007648461,50804.60415470522,51601.29985358342,43099.552172451244,291.5700002180715,2883.166729508346,2591.5967292902747,61.449569562607934,68.79939253719789,12555596.0,575069.6,209.89625112599825,755.9695140559662,696.4426567106151,248670.236842105
2025-06-25,52500.0,52500.0,50850.0,51900.0,387232,52692.69516101308,51329.47083512979,52035.00125201153,43388.091445485625,257.2249719032179,2913.127944169297,2655.902972266079,74.4457767619042,76.53894075669149,12942828.0,546316.6,224.6956591378895,758.9217262101024,709.6731352564761,257618.74887218024
2025-06-26,52600.0,52600.0,50000.0,50400.0,622335,52621.56500720126,51492.18962944441,51824.99966742171,43617.99008661724,102.27415930054758,2783.7456713917636,2681.471512091216,36.11705660430264,48.64925475643747,12320493.0,582357.2,237.1535606132174,744.3396411757243,709.7939962263493,246935.9172932332
2025-06-27,50500.0,51000.0,50100.0,50700.0,364685,52599.34942162892,51669.90556193828,51736.48622096333,43850.18713295765,-5.508553355886306,2674.585820396358,2680.0943737522443,39.66280281182686,51.588927501246054,12685178.0,513021.0,247.08295206852034,713.4926105732778,697.2093456842466,239299.96090225564
2025-06-30,51000.0,51200.0,50200.0,50900.0,268123,52593.99520160856,51842.866626297764,51709.085113137044,44081.32853843445,-84.44627813843363,2574.5365260792023,2658.982804217636,41.45488521344432,53.5356224698218,12953301.0,462131.8,254.51003634681155,669.1391240507165,673.4379751084537,231632.5661654135
2025-07-01,50900.0,51700.0,50500.0,51100.0,470445,52604.898809104976,52012.1806347526,51730.111309943015,44311.44891422349,-140.97400722079783,2482.765295191639,2623.7393024124367,44.959594814365225,56.148860606655404,13423746.0,422564.0,258.3976648851749,605.1982330867143,633.9302974412723,218584.7473684209
2025-07-02,50400.0,50500.0,48400.0,49200.0,710641,52086.691089217275,51797.8351347825,51095.25739838526,44471.729277691564,-314.1880939244388,2231.0041850068883,2545.192278931327,7.7373703314592035,23.946142001474996,12713105.0,487245.8,257.92265208356474,518.187450700022,575.7908493981515,192642.8827067666
2025-07-03,49750.0,51500.0,49200.0,51500.0,513310,52228.24245567575,52016.04360183843,51367.9499898752,44702.16438334102,-282.70847409301996,2191.8066863150525,2474.5151604080725,58.51011628680743,58.22172677542043,13226415.0,465440.8,255.43437087387343,430.2326527426029,513.9626385517473,183298.51127819534
2025-07-04,51700.0,51800.0,49900.0,50000.0,241123,51927.21262260058,51917.8782553528,51058.99379112464,44875.86391175607,-366.44379097928595,2016.4604216839653,2382.904212663251,37.23389806020697,41.04276448320806,12985292.0,440728.4,251.74454680725836,347.9278984913256,453.2403223688067,181581.12631578933
2025-07-07,49450.0,50500.0,49250.0,50100.0,174815,51681.16182980438,51838.26554990444,50850.22166498172,45047.14706219029,-415.06059280687714,1864.078471654655,2279.139064461532,37.30918864542911,41.228566669195956,13160107.0,422066.8,247.39423872754216,274.6992453798739,396.39473188934835,186499.46616541364
2025-07-08,49600.0,50700.0,49450.0,50600.0,263183,51587.02982868673,51848.03142549066,50850.953657729624,45229.207814249625,-412.6441440909234,1763.3338843478778,2175.978028438801,47.973074616341236,48.17450254092301,13423290.0,380614.4,242.42112551399364,209.4436809695087,343.11068276900784,185617.49398496235
2025-07-09,50200.0,51200.0,49900.0,50000.0,232458,51334.39765542324,51735.86216332437,50644.80057328056,45385.627230175865,-447.62664757302673,1616.4447189725179,2064.0713665455446,33.697786721342766,38.35985347793718,13190832.0,284977.8,237.2671726745102,154.3977188183233,295.3460000818786,184360.3593984961
2025-07-10,50800.0,51300.0,49750.0,49750.0,376209,51045.14884582444,51582.944811180765,50402.83691928471,45528.721419350426,-480.85983510483993,1462.996572664495,1943.856407769335,25.002053546413478,32.91986709975551,12814623.0,257557.6,231.4674601228749,104.26428297749666,249.83238983345942,165623.08796992444
2025-07-11,50100.0,51000.0,49300.0,50200.0,466439,50910.21901038338,51522.77487156952,50368.04019489791,45681.87809412582,-465.48610517871975,1361.9987762959354,1827.4848814746551,44.395280456519544,43.31123029644284,13281062.0,302620.8,224.62161464121698,55.04090368078809,204.0165611418518,133130.9037593987
2025-07-14,50400.0,52200.0,50400.0,51200.0,444259,51046.527219735384,51642.92805141999,50669.769984526654,45862.800123826615,-384.29176529748133,1347.1201748528038,1731.411940150285,74.79695337014569,63.190176068621405,13725321.0,356509.6,217.29764699736612,10.979089018091138,160.9798504280338,109796.79097744334
2025-07-15,51400.0,52200.0,51000.0,51600.0,418034,51250.24508183237,51809.82960634142,51021.51405908717,46050.90503779951,-303.5134033405998,1352.0201859745357,1655.5335893151355,85.50843584434952,69.8862731432581,14143355.0,387479.8,209.65421372961228,-27.56047140144614,121.20519487878113,100172.36917293184
2025-07-16,52200.0,55500.0,50650.0,53000.0,943652,51768.56001034416,52198.51927278418,51738.91252026943,46278.74421688805,-162.7208712432423,1452.132500261083,1614.8533715043252,97.80344461648153,84.20321000558434,15087007.0,529718.6,203.13159313894542,-50.1420091886223,92.21773131235427,107273.05037593968
2025-07-17,52600.0,53000.0,49750.0,50500.0,807234,51531.87553008023,52070.4532693708,51434.39702667178,46417.14604584254,-240.21121225896832,1314.5893561806151,1554.8005684395835,38.95845592850735,41.4889122600621,14279773.0,615923.6,196.59110210295808,-68.31721313167444,66.46738740371899,104062.51203007477
2025-07-18,50700.0,51000.0,49850.0,50000.0,309222,51196.18031537176,51860.67177206988,51034.36939784452,46534.61666729033,-322.2720399994232,1151.9605184403044,1474.2325584397277,31.774887315985055,35.69127792505765,13970551.0,584480.2,190.32175252088155,-80.60206952912608,45.13221422955816,103785.0203007516
2025-07-21,50000.0,50100.0,49450.0,49600.0,308038,50807.870912194776,51599.5066754397,50600.156872833075,46635.12103885458,-395.77950653480525,979.5081752712213,1375.2876818060265,24.90153678964188,30.466172531125864,13662513.0,557236.0,183.58496142380886,-93.86532791468844,23.5831714255912,88509.02406014994
2025-07-22,49850.0,49850.0,48400.0,48800.0,329155,50275.50550352663,51222.45763556383,50011.95983136812,46706.10067692492,-484.69751308558193,769.4157904490494,1254.1133035346313,14.443851555000833,21.990341814768442,13333358.0,539460.2,176.37140296963332,-108.16532490359654,1.7319372287835384,76413.19097744332
2025-07-23,48300.0,48350.0,45650.0,46750.0,864297,49304.14366366896,50519.95302346079,48900.457354639744,46707.53999899295,-657.280674828341,432.512459999205,1089.793134827546,4.202169856531285,10.923640097544123,12469061.0,523589.2,168.31090830798894,-126.40097530324468,-22.496059601674194,56914.88045112757
2025-07-24,47550.0,47700.0,45750.0,46000.0,434798,48315.13056837106,49774.63788272826,47837.370329569036,46684.34196623908,-788.7954018882076,103.7988824672866,892.5942843554942,0.28349156039919876,7.1303464848200235,12034263.0,449102.0,158.55733976245347,-154.79292573749456,-53.58485144715332,22091.259398496277
2025-07-25,46100.0,46650.0,45600.0,45850.0,332802,47472.755642264274,49103.079340017706,47015.390739907845,46656.98649193616,-847.5865878379666,-166.88895044196397,680.6976373960026,-3.8232955301732403,4.385418572371435,11701461.0,453818.0,147.46819242154265,-189.09373482992865,-88.87851113901856,-11298.070676692123
2025-07-28,46050.0,47750.0,46050.0,47350.0,568549,47183.18383028174,48795.947931222734,46922.482395096384,46679.708246298906,-750.4831694117429,-257.406324368676,493.0768450430669,45.2262101948223,37.829290942304844,12270010.0,505920.2,136.1324917948767,-219.9066608316622,-121.9689091554817,-30852.477443609205
2025-07-29,48200.0,48200.0,46100.0,46850.0,437699,46830.04977197204,48440.71384891009,46709.13110988882,46685.29158248583,-686.6831794778213,-365.27712930420967,321.4060501736116,37.67036404059105,32.235255477234915,11832311.0,527629.0,124.60269482489922,-247.45563841821107,-152.87886807137218,-48204.14285714344
2025-07-30,46850.0,48150.0,46850.0,47150.0,396759,46633.60784108132,48189.914848659515,46670.1395516957,46700.52792404367,-594.4824133031727,-421.6969664553544,172.78544684781838,48.4987033004924,38.42851006708716,12229070.0,434121.4,112.25161423530015,-277.3091729448363,-185.38544573346473,-68715.33458646636
2025-07-31,47800.0,47850.0,47050.0,47700.0,362898,46631.15605541558,48074.953174090144,46841.71910194011,46733.29750030453,-472.00454568697046,-417.2202352608947,54.78431042607576,67.70644510611828,50.608230799005405,12591968.0,419741.4,100.65554257418954,-296.76258622014376,-210.6634921447283,-75209.50225563916
2025-08-01,46900.0,47100.0,45000.0,45150.0,539640,45983.34283783878,47514.860255233216,46141.97585534537,46681.38610685192,-533.7290336560867,-612.3769816440326,-78.64794798794593,21.920343438207325,22.635796771640855,12052328.0,461109.0,88.00616819667894,-321.80690538118023,-239.5663933522191,-92265.96240601552
2025-08-04,45100.0,45200.0,44000.0,45100.0,521436,45456.77820196672,47025.851219568176,45624.23117439037,46629.5373820371,-546.9116538850615,-762.2875153442728,-215.3758614592113,20.355784694135764,21.251545915208084,11530892.0,451686.4,74.60549757664671,-349.32043894880536,-270.0911009445312,-112608.3180451129
2025-08-05,45650.0,46500.0,45500.0,46000.0,320525,45278.24931281347,46771.34857386896,45557.8324648456,46608.89681213425,-467.10481417628785,-799.2568791795711,-332.15206500328327,47.857872695580134,40.25891092211401,11851417.0,428251.6,61.40507081029853,-371.5107045929037,-296.8606493039866,-121766.27669172962
2025-08-06,45800.0,45850.0,45050.0,45650.0,288723,45061.38590363882,46492.525786129976,45412.29837118851,46577.457572392144,-411.90504231081013,-847.0333678917959,-435.1283255809858,41.56207874244873,35.645046024540164,11562694.0,406644.4,48.150572001529724,-391.30105999722906,-321.75036440726967,-136355.52030075205
2025-08-07,46100.0,46750.0,45700.0,46100.0,256427,45020.74020362184,46338.27379175742,45471.49295737878,46561.80322575633,-323.02922114048056,-838.9148520065864,-515.8856308661059,58.70816779061283,46.27025935439324,11819121.0,385350.2,35.13959552520779,-406.8060543476695,-343.3734475810103,-150773.33533834617
2025-08-08,46800.0,46800.0,46050.0,46250.0,346216,45046.232472580974,46237.053689409295,45581.482954501895,46551.58016917416,-236.1139722936781,-811.0280962332035,-574.9141239395254,69.5358662338323,50.800220862291624,12165337.0,346665.4,22.84733219355397,-415.0180833970799,-359.5058605574576,-151383.38571428604
2025-08-11,46250.0,46900.0,45200.0,46800.0,347112,45228.66829989795,46254.08617987344,45859.03054085696,46559.725081660246,-128.91859613097574,-736.0623691032451,-607.1437729722694,90.67667818454605,65.08197821963557,12512449.0,311800.6,12.220265712167445,-409.6536265885831,-365.54934386473354,-138342.2954887221
2025-08-12,46850.0,47350.0,46000.0,46100.0,316078,45213.85670956355,46145.99634844048,45844.52832871922,46544.65212816319,-94.10963602238758,-724.7808180002539,-630.6711819778664,53.115557860583635,46.20319964877157,12196371.0,310911.2,3.299941457336469,-392.5355060753045,-362.3981583004178,-121392.20075188002
2025-08-13,46750.0,49500.0,46000.0,47600.0,2115736,45606.86982973252,46329.20629279182,46339.13334939663,46579.253697731605,34.11753294920334,-588.0242657913623,-622.1417987405656,84.90371238778984,72.86871982332039,14312107.0,676313.8,-2.2710907659655732,-352.5417167451101,-341.9754400640908,-56389.74210526314
2025-08-14,47750.0,47750.0,46250.0,46850.0,609814,45748.28632257666,46354.65292485456,46463.98023598575,46588.130625674836,70.50804099323568,-534.006747499021,-604.5147884922567,60.9644377365793,56.720135554501866,13702293.0,746991.2,-5.981911652968325,-304.9991156557316,-314.38525874693926,-11679.448872180314
2025-08-18,46500.0,47125.0,46200.0,46300.0,449698,45733.47110721296,46280.20308919749,46378.49822664504,46578.683719915,60.032289251319526,-529.4744269281073,-589.5067161794268,46.28814407094676,46.50022828928204,13252595.0,767687.6,-8.230008719443278,-254.27148463084788,-282.57579745367707,22592.525563909552
2025-08-19,46600.0,47450.0,46250.0,46600.0,500351,45810.25888670623,46273.86022518616,46417.85330380887,46579.38261434402,74.83901855709121,-495.9579429830628,-570.796961540154,56.287598534100454,53.36691543360326,13752946.0,798335.4,-8.947476694374814,-200.36348611726348,-246.58892569402474,60228.24661654114
2025-08-20,45150.0,46100.0,45000.0,45800.0,421433,45675.95725411333,46126.501461447304,46185.757006577755,46553.829086004866,34.34612050224803,-527.8643109123441,-562.2104314145921,32.647969004562526,37.287225206454394,13331513.0,819406.4,-8.825446767010433,-149.26464591219013,-210.65209412078335,86510.32255639069
2025-08-21,45850.0,46100.0,44100.0,44400.0,557351,45212.83856610095,45748.944727761336,45554.82454292459,46483.21173892274,-77.05368806976958,-658.5275415018041,-581.4738534320345,13.742661905487722,21.035943452406244,12774162.0,507729.4,-9.460530109792554,-113.20246526382292,-183.53801626631292,91186.22105263143
2025-08-22,44600.0,45050.0,44550.0,44950.0,196887,44987.37640748276,45527.41692782555,45276.10695839894,46432.94250158101,-102.43674702811438,-709.5197872171775,-607.0830401890631,31.98893959825105,34.08620439643413,12971049.0,425144.0,-10.842694412860057,-89.82483034467637,-164.18230650414554,91350.76090225524
2025-08-25,45400.0,46850.0,45350.0,46750.0,294461,45281.86848634312,45667.36884735362,45673.78834533965,46443.33782939803,7.430001983529451,-597.7955377096514,-605.2255396931808,68.55050169164812,62.87485147042021,13265510.0,394096.6,-12.13023826669667,-70.536680860208,-147.0440411149716,89058.41729323287
2025-08-26,46200.0,47450.0,46200.0,47300.0,267152,45676.88005946581,45891.52568989378,46157.40023757799,46471.42511368006,116.52029962763879,-459.57516515863244,-576.0954647862712,76.66411418937875,69.40651756779647,13532662.0,347456.8,-12.336494475381615,-46.88312825578378,-126.38649647098966,97207.66691729313
2025-08-27,47350.0,47950.0,47000.0,47700.0,203940,46112.78629184918,46160.35679510338,46651.14372783414,46511.706257493825,209.56701602613055,-314.136694753608,-523.7037107797386,83.64479562051989,74.63177777399974,13736602.0,303958.2,-11.565940114423562,-20.313026228493,-103.12991441868053,99460.58345864667
2025-08-28,47350.0,47950.0,46800.0,47200.0,306069,46346.00602241757,46303.68242276835,46851.049907994566,46534.27326544485,229.7667208332058,-236.4953097382313,-466.2620305714371,66.43400404168514,63.401776498009596,13430533.0,253701.8,-9.97139554762435,7.565663236647747,-78.3566992626224,100742.10601503727
2025-08-29,47200.0,47750.0,46800.0,47000.0,219848,46488.972581563576,46392.85662207895,46930.2912382509,46549.54299444665,221.87004246299034,-188.92447749269922,-410.79451995568957,59.4757533324919,59.13161398156861,13210685.0,258294.0,-7.391290627661497,37.88050365075074,-51.28831157068039,102806.19999999958
2025-09-01,46550.0,47450.0,45850.0,46250.0,310793,46414.144259876295,46335.30664353656,46737.70762500924,46539.72191266152,161.17165055727003,-209.32995675910206,-370.5016073163721,33.01234517452269,41.867700865251216,12899892.0,261560.4,-5.494817891686743,57.111548024653445,-31.35617033308086,90979.36090225536
2025-09-02,46300.0,46550.0,45150.0,45250.0,253140,46095.82076943879,46106.01691830313,46262.08693763228,46497.435948311955,54.23831880199771,-302.703708813875,-356.9420276158727,14.515005293531232,26.55810141704721,12646752.0,258758.0,-4.808065573286082,62.83311381532245,-20.64702706917371,66028.50375939831
2025-09-03,45100.0,45850.0,45000.0,45450.0,220629,45890.2955097679,45946.83855439728,45976.354512606966,46463.09378607222,0.38902089959168507,-356.4557514913831,-356.8447723909748,20.793994158884402,31.31932280859894,12867381.0,262095.8,-4.739170535384562,61.83876100380333,-14.847113783734434,47612.4255639097
2025-09-04,45450.0,46300.0,45100.0,45750.0,276971,45804.20278028082,45866.451380729246,45866.85249213193,46439.7136619387,-10.984484090244962,-370.57537750378106,-359.5908934135361,35.54816052348015,40.332632761511775,13144352.0,256276.2,-5.281433648610112,55.26998274353898,-13.358189072181375,27066.52631578943
2025-09-05,46450.0,46700.0,45850.0,46200.0,256769,45855.262840605625,45881.223319012526,45938.44692496661,46431.85419761285,14.458918383891614,-341.51724543367163,-355.97616381756325,58.31862993396299,53.99799767143056,13401121.0,263660.4,-5.976015017950284,47.671841846081165,-13.152329205470288,11859.16992481179
2025-09-08,46800.0,49200.0,46800.0,48950.0,782242,46614.911466782716,46395.07315221937,46904.11106843555,46514.416355068155,208.3923319743837,-95.48574884958362,-303.8780808239673,92.23775182179546,85.04489988815759,14183363.0,357950.2,-5.457141605555215,50.0734124309825,-6.516675634165893,10914.320300751539
2025-09-09,50100.0,50200.0,48200.0,49350.0,714587,47342.58866500047,46911.44389412138,47750.41149279293,46607.38631063969,347.31923208896126,130.2709592872343,-217.048272801727,96.17210532447191,88.37822623569352,14897950.0,450239.6,-3.4256366546009023,63.392021475576,7.527013629067359,22623.94661654112
2025-09-10,49500.0,50700.0,49200.0,49500.0,494919,47975.12877732337,47383.471246162524,48419.40891760099,46702.22610373347,427.7403108004569,317.62711569884414,-110.11319510161277,100.27232108480214,91.08481011941038,15392869.0,505097.6,-0.3489425402022153,82.33422300656568,25.61876138868605,32825.91954887186
2025-09-11,49750.0,50000.0,49100.0,49700.0,803585,48539.19617947678,47825.34877247138,48969.087890650975,46800.51377246352,469.4912447666215,476.7508608566641,7.259616090042584,105.32874674524955,94.4114089542655,16196454.0,610420.4,4.441248352894069,111.38771177736324,51.05496932559849,83107.27218045089
2025-09-12,50100.0,50100.0,48750.0,49050.0,515615,48823.81343635464,48086.15691738658,49146.34115721664,46874.26741926799,429.50074846280654,544.1355516685508,114.63480320574422,67.31884802011481,71.09007239310944,15680839.0,662189.6,10.092502875036304,142.3305400450913,78.36895851615803,113560.44962405972
2025-09-15,49450.0,50200.0,48750.0,50100.0,529225,49318.763408213774,48498.87145853136,49608.92090897658,46980.02914322641,447.8837845630585,674.4895339095674,226.60574934650887,83.97469506434813,82.64053710047908,16210064.0,611586.2,16.675196605498257,175.48530494073603,107.79958059986637,141498.2323308266
2025-09-16,50200.0,51600.0,49750.0,51100.0,657960,49971.34363505958,49032.64575222554,50265.394266469535,47115.11015492391,497.67884982854866,848.7043116321947,351.02546180364607,92.03000376644293,89.41832930813271,16868024.0,600260.8,24.595127297341335,213.78366613519873,141.4190558394266,182288.40075187964
2025-09-17,50000.0,50100.0,48450.0,48600.0,622559,49842.71300307132,49034.82701529742,49905.99562920549,47163.79506787722,340.05589268835246,776.0953276640867,436.0394349757342,36.31909239709187,44.12710526133637,16245465.0,625788.8,32.00147465823261,241.86662448083868,168.59442499310117,202846.33609022538
2025-09-18,49100.0,49500.0,48600.0,49250.0,505573,49890.99521466169,49150.582407378504,49837.10908263353,47232.195229586156,260.94077819196326,762.2154077156883,501.2746295237251,46.14353016606939,51.73303995609887,16751038.0,566186.4,38.3527143649871,257.06113025056993,187.08859860875506,217444.58120300714
2025-09-19,50200.0,51300.0,49300.0,50500.0,750526,50240.70520191919,49472.99820536435,50184.80952393218,47339.336369599725,272.87606502269455,842.3697108020933,569.4936457793988,63.406222219581785,64.47516140077317,17501564.0,613168.6,44.31452602268672,266.656742132925,201.57566019722566,239893.10375939828
2025-09-22,51100.0,53300.0,51000.0,53000.0,1009105,51161.03779091439,50199.75582498211,51254.433471448385,47524.93189846531,420.4044520308121,1094.999210817914,674.5947587871019,81.67239337402698,79.28556413864796,18510669.0,709144.6,51.728840835699,286.1500948108446,222.72153571633564,274593.99172932305
2025-09-23,54800.0,54800.0,52000.0,52300.0,764312,51715.86056800901,50693.090240814505,51796.76244552293,47681.49150835168,440.01157452739676,1224.609226946348,784.5976524189512,68.99509995204326,69.60305872291688,17746357.0,730415.0,60.196747693545376,310.96565590322547,247.63874479852825,294706.8691729319
2025-09-24,51700.0,53600.0,51500.0,53400.0,540005,52435.36352437533,51311.052515536125,52540.08142996878,47868.98359004507,492.28120840261886,1399.9491629222248,907.6679545196059,77.66853227890871,76.20497662129739,18286362.0,713904.2,70.15948220772204,343.8613869459244,278.4082902170176,319417.82556390954
2025-09-25,52500.0,53100.0,51200.0,51500.0,421881,52509.26187473012,51491.18895796777,52438.00301691289,47988.03330840425,369.70801114756875,1369.802968454067,1000.0949573064983,46.060409498780075,52.22794693264706,17864481.0,697165.8,80.13822961715692,371.98759057029713,306.2688425124215,326427.4977443608
2025-09-26,50800.0,52200.0,50600.0,51100.0,453103,52442.88205876219,51566.165148185355,52206.42976463867,48090.06500321067,238.85606053615538,1298.6650329766926,1059.8089724405372,38.94869014267046,47.53022301908958,17411378.0,637681.2,89.62956832316314,392.1548239195183,328.80773520576474,316825.39473684184
2025-09-29,51500.0,52500.0,50800.0,51800.0,286110,52548.249855070586,51750.29608713277,52246.238421723254,48211.702216220154,179.32965210257612,1283.9710375687573,1104.6413854661812,50.29669782237286,54.9602819163906,17697488.0,493082.2,98.38693733906874,403.692564351471,345.2889746948961,300086.48796992446
2025-09-30,52400.0,53000.0,51400.0,51500.0,285678,52535.95909116237,51847.05364861006,52158.96195508656,48319.515258311294,103.40279202403553,1233.8948754962257,1130.4920834721902,41.811918870782755,50.114752809330824,17411810.0,397355.4,105.5025634536754,400.8043431264052,351.38925971107466,268055.0894736838
2025-10-01,51900.0,53200.0,51800.0,52700.0,369026,52817.3507463263,52140.798013913605,52475.44756155004,48463.13770885846,116.6674778997392,1276.3264308468642,1159.658952947125,66.46606619359856,64.57786632696879,17780836.0,363159.6,111.38772530765355,389.006448481477,350.5394122747222,237613.60601503737
2025-10-02,53800.0,54000.0,52500.0,53600.0,1048625,53261.750767306745,52549.59285250528,52992.25370929665,48631.55942332212,165.7291321728544,1366.820368163193,1201.0912359903386,79.09228422444899,73.00017786080939,18829461.0,488508.4,116.30216695293495,371.78114226231946,344.9459951896306,219137.05187969885
2025-10-10,55000.0,55100.0,53000.0,53700.0,1047579,53631.28867512936,52911.89798928889,53391.36348723293,48797.73780288533,183.22387847752475,1430.1210840872445,1246.8972056097198,83.43969245472941,74.74673684385655,19877040.0,607403.6,120.17047998023948,349.42680261564675,334.7117701040024,211131.12330827062
2025-10-13,51500.0,56400.0,51300.0,56300.0,982436,54586.99001132941,53687.28248457625,54528.24314065365,49043.713612626794,339.14255017293567,1670.8253933258893,1331.6828431529536,97.19497075230954,88.96197636871327,20859476.0,746668.8,125.29862645198189,341.02651926105733,333.09544168548024,219772.96015037535
2025-10-14,57700.0,59700.0,55200.0,57000.0,1415598,55527.40720108815,54472.68990602848,55579.27024283929,49304.57546139313,451.6226064456482,1896.211101210014,1444.5884947643658,100.83549908926386,91.99746524983199,22275074.0,972652.8,131.8178629075206,345.56231912368276,339.88671320892996,249881.31052631536
2025-10-15,56900.0,58500.0,56400.0,57900.0,745341,56503.52337855527,55301.808544396146,56627.3373032168,49586.39265938024,542.7139831925031,2122.980973754995,1580.2669905624919,103.79737382891506,95.08635484476613,23020415.0,1047915.8,139.8046062166046,361.7221134663698,354.60530540759316,287358.48045112786
2025-10-16,58400.0,58500.0,57400.0,57700.0,449495,57220.04207754066,55967.805356806886,57304.89170551194,49852.412572187444,544.1878043428367,2260.5017459910378,1716.313941648201,98.29518193741475,91.2246596697953,22570920.0,928089.8,148.80645198837533,384.1995630898651,373.9078772241677,319632.48345864593
2025-10-17,56400.0,58500.0,56300.0,57100.0,544740,57617.60625169216,56419.85439955757,57573.17550521326,50090.03838949277,462.64643807472294,2294.6219892416048,1831.9755511668818,70.34666416646274,75.07364087474498,22026180.0,827522.0,157.77816205506986,403.79655399696276,391.5420202338345,326397.5338345864
2025-10-20,56900.0,58800.0,56900.0,57900.0,408961,58116.18812577358,56941.192918457265,58001.591089964946,50346.10270459137,421.63755829325146,2359.0224990334464,1937.384940740195,81.80946417950267,81.87493916162644,22435141.0,712827.0,167.24210990338298,425.1073940664006,410.60852584409633,337819.2022556384
2025-10-21,58200.0,58600.0,55800.0,56800.0,550673,58204.28361356087,57177.107733987796,57921.38694124615,50557.70589460477,285.96885050155015,2294.846003867133,2008.8771533655827,42.60319795258501,55.830542446087165,21884468.0,539842.0,176.8000537916737,444.7514293212519,428.7780380278963,342401.93759398436
2025-10-22,56400.0,57800.0,55400.0,57500.0,483994,58423.73090702594,57493.789859771394,58062.030876690726,50785.322094781666,212.30118823895373,2274.253638664275,2061.9524504253213,57.26713751756932,64.48481343000387,22368462.0,487572.6,185.20153113561673,453.1190550626315,439.2587103251356,336525.46917293186
2025-10-23,56500.0,57600.0,56200.0,57500.0,464571,58570.352655369556,57753.080308680226,58137.601416064674,51005.475468723256,136.2001187155015,2232.2025988196983,2096.002480104197,53.927219110936356,63.98326064244206,22368462.0,490587.8,192.38215392840996,451.4398415965023,442.55100373066324,329424.21804511285
2025-10-24,58300.0,58700.0,57600.0,58000.0,425450,58788.06003508775,58053.74137630239,58332.40148238725,51234.80414187987,94.16158476719102,2213.7044610631856,2119.5428762959946,68.56715548251063,71.58669144314968,22793912.0,466729.8,198.85649721141834,445.3408048714553,442.2931439331219,331803.98045112746
2025-10-27,58800.0,58900.0,56800.0,57300.0,535102,58753.68804148814,58172.38917654363,58220.41139513583,51433.66302247397,-1.1192922484551673,2118.1437609854256,2119.263053233881,33.27789509370004,49.78943107450288,22258810.0,491958.0,205.2442910905949,440.4291416984172,442.30199983083037,334514.2473684206
2025-10-28,57500.0,58400.0,56800.0,57300.0,446955,58695.95678480363,58261.60073931214,58115.01600135146,51626.00193976991,-80.10174163995543,2019.1358761839365,2099.237617823892,22.333089000328854,47.47166869076957,22258810.0,471214.4,210.97398646467366,432.0355867515688,439.3858750683564,319520.1278195487
2025-10-29,57800.0,58800.0,57400.0,58400.0,532745,58906.49415319202,58525.45328172073,58381.15574596353,51848.100236826635,-74.34626356871468,2006.3047883629988,2080.6510519317135,72.82469327266024,71.51142027724032,22791555.0,480964.6,216.9053213100314,427.51389620282794,438.61515262011096,313877.40225563874
2025-10-30,58300.0,58700.0,56600.0,58200.0,499486,59000.771477007416,58704.022339957955,58493.822657779434,52056.35924545527,-98.57391867083288,1957.4336535931725,2056.0075722640054,60.476973490472425,63.9998389660101,22292069.0,487947.6,221.70788318992024,415.77481712198767,432.39095337878285,287663.15714285645
2025-10-31,57500.0,58400.0,57500.0,57700.0,322699,58922.94176422174,58754.92333919561,58394.24190758084,52241.39664724362,-159.24499630663968,1856.951326880706,2016.1963231873456,32.356076701619614,45.72603508947991,21969370.0,467397.4,224.64707992004207,392.11411406911105,417.23137986385035,243026.64135338346
2025-11-03,58000.0,58100.0,56300.0,58000.0,603933,58913.32305608532,58841.44390012081,58403.803821660105,52430.20331454711,-188.16054440360222,1780.995642682843,1969.1561870864452,46.57869946131374,53.67361541364154,22573303.0,481163.6,225.9614983523462,360.23525226207437,395.4049822838457,204681.14285714237
2025-11-04,58200.0,60300.0,57100.0,58900.0,889538,59116.94511153392,59067.90228309929,58694.37654689796,52642.32779603736,-156.93708674827872,1772.984828651097,1929.9219153993756,77.54940385427645,73.40002077816244,23462841.0,569680.2,225.66496703695896,321.4996736200144,367.67807526146277,167200.57218045043
2025-11-05,57100.0,58500.0,53100.0,55400.0,954911,58354.84295053195,58616.83622215333,57738.664849019224,52732.7432781345,-370.0964800501006,1467.3013153367501,1837.3977953868507,16.47253251884706,21.743496488953525,22507930.0,654113.4,222.42733838765133,266.42372780401746,327.28701729503933,112805.84736842064
2025-11-06,56700.0,57900.0,56400.0,57600.0,564875,58283.564131043626,58617.51152172225,57748.85239509977,52892.32546573664,-360.65193372165527,1386.5828782347817,1747.234811956437,49.459424464462245,49.130719320441386,23072805.0,667191.2,217.708286001221,209.01929962854516,283.6218584908358,75929.59022556347
2025-11-07,56500.0,57300.0,54200.0,54900.0,527415,57510.32122428538,58119.03927015194,56858.18943354709,52958.15086030265,-524.0632033100492,1092.1558078188755,1616.2190111289246,28.731208836998988,30.905954072462137,22545390.0,708134.4,210.14629856422744,138.8517542413407,229.43158521609413,41678.58571428479
2025-11-10,55500.0,56900.0,54600.0,56900.0,420504,57384.8518929095,58044.60698013496,56858.38399867143,53087.39181570257,-486.1133947748699,1008.5772676603374,1494.6906624352073,49.44384732378901,48.03020839388818,22965894.0,671448.6,202.0581788282365,76.14867927951218,178.59061895562957,24934.372180450864
2025-11-11,57900.0,58400.0,56200.0,57100.0,346148,57326.028809304815,58009.576402772895,56926.00568280685,53218.952739777895,-437.70759927116046,947.5561633462567,1385.2637626174171,51.63443768994129,49.45701364319519,23312042.0,562770.6,193.88765305869265,23.24665592165413,133.09801802561446,32319.131578947046
2025-11-12,57100.0,57200.0,55800.0,56900.0,331412,57219.21961520656,57936.36927343322,56910.90926696999,53339.64281388354,-409.8151468579649,872.9948290449611,1282.809975902926,49.08478342805696,47.283420875013626,22980630.0,438070.8,186.00473481469047,-18.473546517024033,94.3323215728778,45178.62556390961
2025-11-13,56200.0,57500.0,55800.0,56200.0,404694,56944.5361614182,57740.05804716257,56669.037806220695,53433.42501670703,-427.217009222069,748.7887143753396,1176.0057235974086,37.916797846482105,39.6698419920162,22575936.0,406034.6,178.01789154330785,-53.880580095993565,59.316172716688065,45219.314285713466
2025-11-14,55700.0,59600.0,55000.0,56500.0,845771,56793.40518129235,57619.811822962234,56590.7920248523,53533.968458782205,-407.3048584127446,666.8746505814779,1074.1795089942225,44.83647727141727,43.71120860113615,23421707.0,469705.8,169.83438862816888,-84.7550040004993,27.054795482490135,48733.74511278193
